id,is_bot
75ff9bcc-204c-4042-b32d-bac8fb94e8ef,0
969faa38-2278-45ef-a4d9-5fc8cceab62c,0
efc61efc-8484-42f1-a884-6bbdd1b660ee,0
211a481f-2184-4507-b321-7e9bf8184d3d,0
08241851-abeb-4dc5-8190-6c9a9f62098e,0
a9327010-3518-4edb-b79e-37313932f255,0
f0a89ee5-6e21-458b-a66b-b21500bf082c,0
cf96a91c-831b-4ec0-97b4-403c12a1b238,0
8ed6abff-e0a6-41cd-b292-b506a15bee0b,0
fe9814cf-3dcb-4297-8826-7745c03533e4,0
bb1f1b70-80f0-4e8b-ae78-41d37d7ff733,0
ca4c664a-df1c-4cfc-b062-950a9e87693b,1
45ee036c-edd9-4e24-9870-7276e47fe04f,1
e6720505-2664-460b-b571-9b40688e8091,0
c188fff1-297b-4882-a14d-b9e9223bd9d8,0
76043baf-8e15-43a1-9938-96cce4165d3e,1
29ef4839-c62c-4c6b-b474-9a4b6aebac29,0
ee4266e2-0f1b-4407-88bb-603feb867ed0,0
3cb67e17-b89f-48fa-a384-a7197a5eb82f,0
52c91738-e666-4531-b541-421f937786d5,0
8f23399a-c4c5-4b4c-9066-865be6ac96db,0
bc8082a4-7621-4ee2-81b4-630620c0ec6b,0
a46b0272-0a45-45c4-ab99-86cb66e6157c,0
7d991fac-81b5-4166-b122-a88e7090ffc1,0
b459fa82-33cb-4bfd-952d-e47de2114011,0
be66eb88-2574-4e4a-b73f-c742ac151321,0
8da76202-a551-4b5c-83e2-1987277a20b2,0
bfbccfa9-da2a-424a-a07a-b5cc22a2c098,0
920c71ef-6edc-44bf-bb9a-94a58c244167,0
14f459a0-58de-4edc-8fe3-612759e22e6c,0
93dd83cf-590a-4e62-b0af-40c3522568da,1
04395759-88f0-47d8-ba36-51c7ed3dae18,0
1b14da60-3046-4c01-bb3b-64f8ecb4424f,0
9296bec0-2bf8-475a-9c3b-8a4b02ba03bd,0
995c0176-80d9-42dd-a198-8fe784cda145,0
1ee8b1ac-c6d2-4177-97f0-f22654f8ba37,1
9cb6cafd-e97f-46cd-a429-f7e640991efe,0
ea6bc237-ac78-47f6-9752-42da33ed4205,0
90c459f9-30c3-4eff-9f96-6c1a88305d6b,0
6b009b93-966e-41d5-84e5-448bd6afceeb,0
65c3a152-7dfe-472e-b02f-cd25a26760cc,0
86e8d412-cb13-4ca0-98b2-b795ee1b3968,0
712d08d1-6363-48ae-8231-1f050a189ada,0
8aa70e18-5f1f-4ab9-aede-a023bc5d0668,0
06ef8b5c-8dcb-4a89-85d6-0b9089600ac9,0
3b25462b-09a3-4da2-8887-07886cd51606,0
ae339e33-e25f-402b-8c54-5868746f57a3,0
e5303023-ea6a-4210-914d-679d6767f78d,0
2abddc8e-ff68-4d61-b325-ec331d0839c6,0
ff432fcd-9851-4cbe-9446-b9c65e2c40c2,0
4d76ff7d-1dea-49b1-8916-807225e1cbcb,1
9f00ecbc-672d-4e15-b58a-a36dbe810af4,1
6b38e744-b10d-4c76-ae78-7931a658a32e,1
c6fa0382-07d8-487b-8f30-8ebc9776db4a,0
206c5043-b883-422b-81a6-c207d8fd69c5,0
4db28c5d-fda6-4f46-b4fc-70f5e6d649c6,0
84763dbf-0b75-487e-84f2-d44aa13d6e97,0
d072e9f7-6c0a-46a6-b9fb-a52aabca1d81,0
9fe1f490-30c8-4451-b983-e77e130f971b,0
927f3035-c5df-4160-a5f2-6f28e1b7466c,0
34f5632e-0592-4193-9b1d-d696733eec13,0
4e6812fd-d982-4a8d-8737-c5bcd9952f3d,0
18b4c2a9-9d9d-4ebf-b41e-e10f2264cc27,0
69b8d889-7f97-467f-9bb3-a3703c13a7a8,0
d8b0ffc9-b256-4811-87a6-a5e8d6f266d0,1
5865613d-1d8c-4038-b104-0549197f7411,0
16fbe5b9-e015-4891-99aa-8836e14207fb,0
9eaddc24-fcad-42c2-9fde-5b2d05fc0a89,0
70e6ee5b-2bb1-4ddc-b014-c79e501c04e2,0
713db5d0-3bbe-4d37-9e6f-e5f5fdd24e47,0
abc8cc1c-11cb-4718-91de-161575ee5930,0
2ed5e0e9-f7d2-43f9-8586-d553ad858152,0
3112e63e-7c10-40a1-a3f4-3c3e39b66dac,0
8ba7884d-a67d-498e-9410-2b8cd0ff199e,0
0e3d25e6-ec47-41fd-8032-d6dfce4a3330,0
49905ae0-93ba-4a71-804b-827268b44edd,0
531d0de4-7e62-4818-9146-70b6ec157427,0
47e53a31-3d4c-450c-a0a9-9bfbecf69d28,1
7ae3c188-7c55-4b6c-866c-7a1d3ff5584c,0
a23c49f3-78fc-40c7-ade1-cbdc1a093012,0
b846c6a0-66a2-4a7f-9810-16234e3a8267,0
668e8156-5a36-4880-ac0a-bbb7645f25cd,0
f4b68671-b04a-42b3-83b2-debff167241a,0
f4bfe99d-6814-4a5a-87d5-01520d830080,0
c1eff449-e685-4d2f-b9cf-055181c6269c,0
783db528-6bf7-4ca1-b4d2-ffe7b672349c,0
91f7b44e-b0b8-4fea-8602-0950379fcd18,0
ac4a2f86-7d81-411e-96b4-fbe704156747,1
f4bf1308-4252-47d8-9501-a11817abfec4,0
e78d5f64-f356-4355-9375-a304129454fc,0
b32c0060-3f5f-4e05-8748-896d1ab4e0c8,0
5c73c6ac-987b-4459-8a55-14ca4cca96e3,0
65e73df5-ee3e-471e-ba09-45eda8f425f2,0
693dea57-f08d-4bc9-b57a-be72af690527,1
99b6a162-77ab-47b1-a992-42ebfe0d3e21,0
e628f227-ee5c-4cac-acc5-16026c6dd38a,1
1ee4c29c-a639-4b25-bcfa-af9993f6a5fc,0
94f3dd5a-5955-4648-aed3-af83fe1ce259,1
0da9884a-c0d8-4bec-8bc6-382819b19efb,1
d94561c4-592b-4cf8-8f04-60d348d441d7,0
92070853-bca7-4c95-a257-222a339cff8e,0
e523f4a0-9e68-40cc-845b-134a4e7e97f7,0
10c8eb17-422f-417a-acaa-fa1f10ea4062,0
ae0589da-1a04-4e6f-9e9c-6ddefa93b45f,0
02cf5b58-caeb-4dd2-b511-574932603f75,1
d99f2921-d7ac-41d9-8c50-acd3d62b2945,0
37353eec-660d-408b-8de6-e8f40f22dfdd,0
5044f683-350e-4ed9-89f4-f8f93300c031,0
7c1a6152-99d5-487f-993f-9b9014627835,0
1c0a3f98-9c31-4781-ab63-6fc992c7d540,0
4d39e9e3-9fdf-4f5f-a624-930d224026d4,0
ce92c4d9-6634-465b-974e-21b474d65801,0
9dc87803-8a38-474e-81fe-6e98ac037618,0
53c90724-e4e4-4c26-9393-49cb23f19073,1
20cea413-0586-421b-a4e2-e9786d4d8f47,0
987256a7-315b-4089-b181-e820fa6027fd,0
f8be3065-11b1-407d-80bd-e7a16d309e0a,1
325b782e-595e-4539-acdb-862bd59ef208,0
0c1366e2-7662-4625-804a-1465cf1ec03f,0
87e7867e-67e2-44b7-9441-506984b9ef95,0
dbee3447-08f8-436d-8be1-1f03093e3487,0
6e7eedbf-55a5-42a6-af0e-87e09ae6a55e,0
1cd8061d-6be7-412e-8c0c-c4b092d4ff54,0
be81e4d4-4af2-4600-915a-d36a608f259e,0
645e46f7-1911-4079-ab23-3829db0b91d1,0
3dc374dc-73f7-45ca-89a9-b055b035ff37,1
af8622b2-726a-4eda-a19a-a9e70b9d66c8,0
b9e9f1db-1cb8-4b4c-b825-2820608f3b2c,0
4c9bf448-bafe-4da0-b620-ae58533c6adf,0
28faf795-373c-45e4-8339-b52e3b2be1b9,0
6e1c8965-7a66-427a-8fc7-8e2711bba6ef,0
5db91a36-1af5-4a27-b9f0-fa3025341adb,0
d6698159-58ce-40e5-9e0d-dfd597dcf361,0
b8cf8119-570f-46f9-96e9-08bf42ef3c72,0
b17394d9-3920-49d5-b2be-ca43c45fbcd6,0
ae0ee556-6bd7-4278-a474-3c9c90f832ac,0
e9e2ab67-b47f-42ff-82c7-6017deed212f,0
ed6fcc24-b671-4b83-b706-ea5abe17314c,0
44c38fbc-a7dd-4ce2-ab01-d0ebaea3ecb7,0
76883b69-971e-4b99-bb8d-2aad51c0f816,0
5336d303-a8ad-4527-8b4d-39abc3322f81,0
18f939bf-f47f-4896-996a-1a339c701869,0
f220ba42-0f7d-46b0-8a0b-34b3f14a503f,0
13001782-c810-4683-be03-4861a3a9bedd,0
7fd73335-a5f3-4cbd-b1f4-c5294846c3f5,0
7067d72e-3c69-402c-b9b0-55eb20305851,0
59ead833-be3f-41c6-96b1-5c7a4c612187,1
e9849787-2502-4392-8171-d2af79bc1fbe,0
134b370d-2856-4563-bf71-5128eb12e8c8,0
4af18a1f-d21b-4e7a-b8cb-8e5c8c0894a3,0
269e226b-5125-4bc2-824b-fa90153e31e3,0
087f99de-f828-435b-9ef7-3e407dcd4b86,0
80e2309c-667a-4e59-8bb0-9d3974f45efd,0
ed4ed6e0-765d-4624-8b9e-1b78dfc3c2e7,0
1b40026b-356c-4f7d-9a8a-5859ed00a5e1,0
9dbadfe2-69cd-46f5-92b0-2aa9361a619e,0
8c96c51a-047c-43ea-afd7-fdd703a933d7,0
ee95f262-9db9-4cff-9d14-f3c650fda796,0
b0e3c049-e35f-4eeb-a327-e9c51f8b6f52,0
92a97c31-5d13-453f-8041-3c0cdef6a2b7,0
539b9918-e028-43b7-9622-4553d7e9ae1a,0
fd506971-bdf8-4b74-b3bb-0983d92376c0,0
cc3457f6-aa9a-4576-b4cc-cf261613c068,0
37ebdbdb-59ba-4dd6-ab32-91bb9b2e9ee4,0
4e0c557d-f3f6-4cc0-bab6-27f6791676ee,0
80e1f35a-ae77-481f-b137-0cb4b991e974,0
a2b98dac-89fe-41c7-9305-89ea80b0acb3,0
f2ae203d-6e1f-4e7e-b736-61b1a83efb8b,0
5e9ec24c-fabc-477c-8c45-cf17909606ca,0
82aedb86-fc26-48c5-bf70-f9183413bc55,0
f0d4646c-784b-4635-9499-adaf34b2294e,0
68488d98-d04b-4c24-bcc4-1aeff8f94e0b,0
9dc735c6-5f52-4817-b5bf-0b1ea985eb84,0
da9eaa72-2c29-4366-9b0f-b77ed669e132,0
ef8ead1e-15d8-4359-9821-f907a39c6633,0
2fd2c71b-a001-4844-b39b-7ca52b328a76,0
88347837-d3f8-4d9e-b8f0-1c372c250c11,0
51547f5f-e5b6-4b76-811f-7d83c0f61306,0
e69988f8-7f52-4b50-8a4b-ce6f08a422ce,0
64d206ef-d2ac-416a-bb02-ebeffef94fbc,0
7b77e886-c32f-408f-a9fe-5f94bc8aa753,0
5493aadc-2783-4826-84be-3edffe581c85,0
103527f1-bb86-4ac5-95df-d4a1524fdd1b,0
436ad3ac-4822-4294-a7d1-c6a803901987,0
d0975107-d32e-4434-b657-bb1400d4cd97,0
bb07f872-e9aa-49e3-88b8-73fbf1f34c23,0
6f70d765-2ee3-4fb8-b3ca-d393c9c8d85e,0
b6682f17-783e-4a5a-bcac-f3e2a23600d3,0
67da4dda-9988-4c55-9d9d-e3b6f8a401cc,0
3859694a-25f5-4344-ad6c-939fd0024842,0
482aa44a-1e53-4ed1-bff7-dccf6bcf3d0d,0
e83f91d7-fdff-43f9-a93d-86a53beed07d,0
5a2ce81d-f0c0-4c94-974b-878ffa3231b4,0
8330247e-71f5-4000-9986-a07c1e937b15,0
0fa51a34-910e-49c7-a697-6264efc0856a,0
7c6a3503-c1d4-49ae-bef6-a4845b9e95f0,0
63874f71-7f06-4bef-9af7-ff7bf863719a,0
d9d8b26b-af9d-4eb1-8224-aa3ef46e069a,0
97d2b348-1d57-4588-9ad2-4d1c8026ffd4,0
b71956a4-cec9-4acb-9e15-ce899094e88d,0
8b5563b9-c3bd-4736-b0e6-adb02b741051,0
c21103da-d90d-46f7-9f9a-95d2c5dbebcb,0
59656fa5-14b2-4283-99d1-612592241dd9,0
0341b744-e47e-4af3-afca-32acca268762,0
70434422-e59a-4e75-8eca-9c36f3cf0984,0
eae5078c-a440-4135-ae43-8efa0eb54ef1,0
33e77f75-ea0f-4494-a015-efe5d8faab35,0
f37f0ebf-a435-46fb-83d4-6a2b52bc009c,0
893aeced-8350-4e05-a036-098ce050ed76,0
2c194fa8-2a70-40ea-8edd-338c385dd9af,0
9917097c-e02e-4714-852c-062eda173dc2,0
fdce6f62-4390-4ae3-a0b7-b3eb7eb6eb5f,0
08954249-41e5-4f2c-b9ed-c401ef06e2c4,0
a2ed5ab5-8fbd-4b12-9290-2048d366371b,0
7741b68b-d4ef-4568-911b-d7af7e65939c,0
34332afb-eb26-492a-b6a4-ea31595cc75b,0
eb1bde08-c68e-4888-98d3-242923201cc7,0
b17267cf-443e-46eb-aacc-5be766bd1d86,0
11cb4219-b971-4484-9f00-21a780b5ab9a,0
b1f13f95-2458-4bb2-bd5e-4f81af9f617f,0
9783f550-15c4-47d5-9560-84586b031c7f,0
f1ca0897-861e-47d1-879c-458b2fc76fb7,0
459d206e-b9a8-4ecc-8cca-f647f1e17ecd,0
62e83468-ef25-4463-83bb-8e28fa89fced,0
7dbf60cc-df78-4e37-91fd-28c271a6a9a6,0
4bebe94a-9172-4f3c-a866-7666a9ac3c7d,0
30fbc2f6-c2a5-49e3-b68d-6238961ac702,0
9202174b-864c-4d41-887b-d1bde921a5dc,0
47ce69ae-b2f1-4869-ba8c-c019366c4ffa,0
bb191a97-140b-4cd2-b342-ecf4f6fb91ce,0
f2605d5d-42aa-4439-b15f-07ef4d9377f8,0
dd6d8295-5ec8-4d4e-8873-534334b276b9,0
e820d5d6-f4c3-4e08-ba1a-a445a59479e0,0
611889c6-2909-44d7-bf5a-91a28223e0ec,0
94d50732-0a59-4f8d-830c-d5acd45182d7,0
dfa5aa17-317b-48f0-bf15-7d7df100ebc3,0
2e732471-d406-456c-ae1f-5541a1756861,0
cf249bc3-8498-42f1-b599-0de4aea9366a,1
14efcbe9-0122-4e3c-b417-33e31cd4c7d4,1
db6441bf-fe3c-4cd8-a972-1be45a158b08,0
6c90c656-f05d-4bb7-9cfe-fae49df99799,0
44fb1bc0-158e-495d-8da7-0937f35deb6a,0
990a785b-113b-4e19-a963-b8b74d3eac5a,0
d2d474f2-a726-4f23-b528-74709330c620,0
c21a28eb-694e-474a-ac17-7361ce7fc288,0
7f10aa89-8f0c-4cb7-857f-96b11b134c64,0
76993b83-8629-4082-b566-6818f9f4e6f8,0
37be1123-a6ae-4a95-8834-728179bdbec4,0
64f458c1-8cf7-4541-bbe2-8a59d3d87490,0
6e953fba-c838-4093-b62a-872672ababe0,0
f38c572c-29d6-48c1-b32b-f743eab40a72,1
d9bc1474-d9fa-4835-acf0-4ec29e25ba54,0
9480d96d-02be-40d3-8882-4613bb0a81e0,1
fa7a8cb7-8f0d-4b23-882b-4fb99b9a0405,0
95743ceb-3eaf-4b7f-8eb3-53ca88bd2da4,1
a5fd0184-cd26-4595-8736-a6945cf1e04d,0
e4e8eb21-cff4-4930-a721-54cf28cfb7b1,0
ff0197e4-6553-41f4-ab0f-ef7bf74cf84a,0
8d0b62a3-daf7-4f3a-85b7-2cc29825677b,0
ae4d3105-07cb-4ea9-9342-652b8fd135d3,1
41b00652-34c2-48ea-95a7-29a3d81114ee,0
f8ce46a8-06e4-4dfe-89d8-b3faed92226a,0
3e9cdb73-af45-4d06-bdfe-b7f6dd4186d3,0
bf170e40-ea3b-452d-ad93-8e91bb952f01,0
9461b00c-699a-4f14-a721-ab95e8f44195,0
80f5a8fc-becd-4fde-84b9-1493a8c77aad,0
273e8378-66b8-4ca0-aaf6-d308f866d438,0
eb73e6ea-269d-4d28-898c-85b8fe6a3e6d,0
b0d766fc-ba6d-49a2-9231-51dc6645fc26,0
f11ac411-5e5f-4275-825a-614192e84e05,0
a139a772-9385-418c-9f84-c18bdcdb4102,0
66a55719-1817-4b63-bf65-02c4377e45a6,0
13607239-09e0-432b-99c6-81299fac6eb3,0
a0703526-3385-4d82-a40a-d3f06933058a,1
c1758aab-909f-422b-ae6b-55e7efa258cb,1
a08c6331-22d4-44fc-9f80-ec636baf6fcc,0
5b3a5dab-dee1-48a0-99fe-bdc0f4c26f9a,0
c637916f-93e3-43f3-a263-fb0a15879bbd,0
0385fc1c-2af3-4b62-99c0-71c7f5c495c8,0
38eb5249-6956-4d34-a4c3-aeb01f6b3b1d,0
0950a372-25e4-43fa-bf5a-027156aac6de,0
c31b06fb-b928-47a5-ae71-4603672031e2,0
a5423dd4-9c3e-4156-928a-6b50b1612521,0
1f56825a-b675-455f-a930-87fe0c08a0c7,0
45a9c304-8e4a-48b7-804b-c0e22227469f,0
c892e849-e879-4543-9769-95ac04243a4a,0
74c7a326-a45b-4320-8778-9b2893ef66b4,0
03f09acd-bbb4-4c57-b8af-3e96f9fe91d5,0
fd32c209-58f5-4ef4-871b-497315574442,0
409c93ea-3a98-45fb-80f7-472c2cdc7bcd,0
2f1ce9de-a5f9-4e7a-9449-d883a4f66a39,0
3e9a9e17-8dac-4fc0-bab0-84589c91d1cb,0
29ed8989-9dde-409b-9053-ec773ce77339,0
49646966-9947-4592-a256-1ae4f1d86ec6,0
32a52666-a32a-4a95-88bd-8eb801f9fcaf,0
7ad32a09-f784-49c6-b490-63c4ed63061d,0
33e72f2b-a23b-4343-b7f4-815d7662bb9c,0
88fcf62d-0bdd-4adc-b710-2801014fb5bc,0
98fc8c01-34f3-444d-ac67-cbd7cfa1cfeb,0
7ad466d7-e811-4d50-a70c-02b5277a9ff4,0
49653540-23f3-4fe3-af94-85deae20faff,0
526306ed-a9d8-4879-9a9d-22b3fc53bf04,0
ed8086af-e829-44e3-b267-2826fdedb030,1
e100e0ec-2a67-4d46-a038-004c8e37e1d1,0
338ceeaa-25b8-4afa-b24e-94b9903c529a,0
cc6d5af8-f0a6-4b54-94ca-d70cdd3a6e29,0
d3888752-ba58-4a8a-b764-48035a67e3d4,0
80142851-4d4e-4449-989b-9ea33f12c6b4,0
cebdf413-249d-4e0d-b195-d5b398ecefb5,0
8f5ebb9a-97bb-4194-8d51-d48bb3e57835,0
6b2a8a85-cb75-4f5c-a97c-63db58824053,0
b503c5d5-b8e1-4cf9-88ca-1c5c94ad1b29,0
2545e5ae-1ee7-421a-ad07-e80b9d8ad369,0
b7847de8-7c59-40de-871f-a7bbd3875f72,0
eb4f4afe-4851-4025-a041-1cb9b778b844,0
bb3e99d4-95f5-4fc8-a0e7-4477d244ab77,0
6b5114e4-f4aa-499c-bec7-d50863126eff,0
7ef2b8af-fb20-4f6b-8fee-b0825a001211,0
37c06465-0cd5-4d71-9f6e-f01a2305867f,0
92f86b79-d680-49ae-a34a-927318f6fdf0,0
69342e22-d813-4da6-8425-9a7ad72ef0bf,0
92657e6e-6d89-4d7a-8e35-fbea69150e71,0
65b1e9e8-3871-442b-9953-59e468d16200,0
c793ad25-506a-4ad4-812e-b5a569602c89,0
c0d63998-80eb-4467-ae2c-5b46b8f7f1c9,0
9502e17a-347f-4a1d-ab39-c16ed94dff76,0
d1038069-2b09-4038-bdd3-1d10398015eb,0
0add2abc-4345-4139-9db8-b2c971d028ae,0
03b3615c-085d-4177-ae23-2347584fa809,0
2cf0e429-94ad-4c50-90ff-50aa27cf9a77,1
802a5679-f79e-4ca8-9a4c-3531a5076846,1
95fd7d3a-ee23-4e5d-92ff-3c8807748cb9,0
01d14de6-ff50-451b-ac90-7f4bd4425327,0
e7b98e8c-4f2a-481f-933e-eca46760decb,0
29713013-77d7-4074-8be8-39797163c98f,0
fff130b2-3494-40c1-930b-0f3f9ece5bba,0
6cfcc329-00a8-4d15-a885-048c69cd5c3f,0
f8c74999-f2d1-46ce-84e3-56bc0e8fd45a,0
ca427ee5-622e-4fe1-9272-d1ca5b593621,0
0f8eaa82-b623-4d96-a9fb-aeccb20d46fb,0
b2a7b4c8-5f79-4d17-9d5d-2d4fabcf6d31,0
64943f59-e476-4635-bf30-66d8b9d99f3c,0
197f77ca-de60-4330-ad0e-6061ca633776,0
cef312db-f3a6-4c36-a1a7-bd4498110861,1
93fee2a0-1bee-45bd-a8e1-60c6b0806f17,0
9687256d-c89f-4537-9415-52c4cac6b213,0
e6abc6c3-005c-41bf-b621-c698a32c95b3,0
9b4e8410-a725-4bb9-8254-d58c6e63fb5c,0
459fc56a-335d-4d6f-9a54-21478dadc43e,0
c592f22c-9b9a-40b3-9efa-7096fba8b8ec,0
83ab6bc3-3845-4ec8-9f5e-b54349bce2e5,0
d6e305c2-8764-4d74-ac3f-c3da4b34a010,0
0494efa5-6332-48a9-a236-77f304ed3f09,1
5f5b53c4-8be6-4365-a066-afbec6375306,1
63e5cc68-2b7f-4aaf-b666-46526f0757ad,0
fe5f4da0-44f5-481e-86c8-52a84da0aa4c,0
2b93cfbd-ee06-47e1-970d-d10f6f80975d,0
262aedf5-4783-4a1d-9a66-3d604c88d7f3,0
927a6433-7c14-4723-929c-7b0c786b2c9a,0
a15c0321-9d43-416e-a0c3-e82e70fd8915,0
760aaefd-aacd-41a4-bf9c-c4d9a60bd8cc,0
89b730da-1ac9-4d66-84cc-0a7f0101bb7e,0
b1beabbc-416b-457e-ae70-d1891d59a0fb,0
35ca48c2-46c4-4084-9b3a-e731d8d11e52,0
9935a99f-1a78-4163-bae4-38d441450701,0
773c7d04-5fed-4a76-ae90-d4e22153b7c3,0
d5b0f25d-9506-4473-9134-924bb5a387a0,0
a483ebeb-495a-499b-b410-3ed056f4a09c,0
3a419a72-5001-43e9-ac96-ad45e9155557,1
43d8d922-f6c3-4017-8a39-87cff2931d40,0
a4bbda0e-e3c6-471b-9380-7f1f96d5c9f8,0
5ea738eb-77a3-4781-a371-25aaa999b0ef,1
24f2a979-818a-4341-91dd-d4f03157c5fb,0
ea27c7e9-63eb-4ef1-8a2e-82e3ac31fed1,0
f47ee223-137b-479c-93cf-8ab47ccb02c1,0
be1f8544-92db-4a59-97c0-a574a0053d1f,0
1bd0254f-78e4-474c-9688-bbd10e245372,0
ccd84240-204a-4b80-9799-bde3b72b3748,1
2f8aac16-d66c-4021-8b7c-fd5209a721d0,0
b219196a-5544-4056-8acc-0638fc95a610,0
444ad0a5-ee5d-4ff9-80c3-870c2462e00f,0
438e8393-05df-47e9-8394-0e252f918981,0
8c9d9be4-d430-4725-ac3e-09ad83ed2273,0
13187a49-dd55-4ad0-9264-8ecce3c06734,0
50d81037-0e8d-4e71-8613-667c321a3cd4,0
ad14c50f-0fd8-43b1-a85e-79785d5b83f4,0
455d169a-6192-4957-8b99-252adab22f59,0
423a88b3-8f35-4ca3-85fb-8449dad5811e,0
a5de187a-6bbd-4c93-ba28-ec8a1d810e80,0
db0ba164-5e28-413d-88ea-c15ed2680115,0
753eba0c-823b-429e-aff2-e690c07940e4,1
c9d4df2c-0c89-4d51-b85e-8d41b7d07f3c,0
bb987b77-0b4c-4891-b963-0e803a46be48,0
6eb72610-e9c2-4d6b-9e5c-cd644f7f5c69,1
f15c0644-218c-4207-9aac-54b9d8f68e3f,1
b7d10888-13bf-46ed-aebe-5e927f5c1725,0
693821e0-9954-46a4-bbf8-9ba763b9a466,0
fc4a6469-6af2-4237-a9ca-7cf58028d09a,0
a2f8e5dd-906c-45a2-9f10-19140e2cd691,0
ecdca52d-4375-429c-a985-18a70b82f9b5,0
56721e58-b824-4849-80e9-67e7b6040e26,0
b8bf4049-9dc5-401e-8fd2-d9f668bc402f,0
fb5f4164-c103-4919-acee-575091611fef,0
ddc52371-3e60-44a2-a9ec-6f29dbc19b94,0
2aa1c7f7-f219-45bd-971a-b6d88082941a,0
0549150b-7dcd-4b13-b656-91a0487bfd52,0
9cc9805e-4c91-4392-8aab-ba5a748942be,0
7ea6b59f-9eea-4ee3-8e8e-c180af0b6d09,0
ecae619d-99e0-44cf-a395-786b5cb37a33,0
524c6b25-b26d-49b1-8a28-28362324a836,0
8820998d-0066-46cd-aaaa-39d167c5863b,0
adcb2e85-a77b-4985-850d-04af785ec041,1
24fbb73d-079e-43f1-ac7c-943882816456,0
e832502a-d63d-4743-b946-d8475ea3e872,0
2a76eea8-9ed5-4cb3-85dd-3a1f0ed08a53,0
49937058-0a49-493c-b245-fb3b06babfb4,0
44acc47c-c86f-4212-bf3a-b14cbe55d82e,0
e269ef64-6e43-4024-aa23-66f519b01ca7,0
43b6143b-4380-4ec3-b07b-440c4f0ed177,0
735ee92f-0d4b-4d8d-b62b-c575d0f2bf7f,0
49916eb8-062e-4748-bf27-bed4a7100ae1,0
71c8c3e0-2dd2-4d89-aaa3-f4589c297de8,1
d87b21b5-07bf-493c-bf74-510dc4cbaf88,1
e2e19e79-4c12-4982-b3be-e1d37dd1d67d,0
fb9b1df9-3972-4c21-8c96-fb9e3c49b3af,0
442e8f8a-f99f-4ec4-9a5e-ff82e7ac3c30,1
d97a0d51-c588-4cd5-9499-586a873f77f0,0
52b7a3c1-5320-4193-86fb-9be5bea83609,0
57629427-a37a-4ece-8e94-a237199b87d8,0
db67883f-b278-43dd-9309-5415316cc836,1
21e20666-5acd-4a46-ba14-f4665c38d50b,0
1827c42d-8963-44ca-a63c-77f1d2eaac8d,0
792c5590-7d38-418b-807c-864673c9ff2f,1
e071ded2-7dfd-40b4-970a-1ec0d2229dd0,0
949bd302-ad14-4021-ba83-90974d55792e,0
6dcb6002-8225-418f-8853-23a949a3129c,0
e14644c4-531c-4abc-b6a2-8627509e9a85,0
9f8f9b3d-890c-4ee2-a807-9fcd9b92b674,0
42dd220b-46c9-4468-8391-fda444d21eb6,0
99533b93-844e-4a0d-9206-84b5a889f9e5,0
8bfeaa9a-e837-4718-9a0b-02c24444169c,0
0a8c729b-a0b4-42eb-8938-4fccef7e9f07,0
16f364ff-c2c2-478f-bd43-754beba1bcd6,1
46eec4fc-70ae-4d3a-9889-7e70b7abe7cd,0
cf557743-3bec-4299-8122-75350b2acec2,0
a035d3a4-0594-4d92-91af-c5f9b0f9b928,1
574f6b1f-769e-400b-91d7-00324ab8cbf5,0
7c2e7d37-f6a3-474b-82a9-1a8957cac62c,0
beebb3af-db0c-4eff-b249-18d9ee3d5ede,0
576f8a23-0517-4586-b0cb-9ae3522cadba,0
d496c07d-a42f-4484-9c16-4d122868e93d,0
8a3bb26c-ac51-49f5-84fb-6fe0e8698381,1
a838c772-d31b-4762-ab6f-720fe971d68e,0
608bbf21-e0b6-4194-b660-a4c807096a33,0
22fabe87-c511-4a1d-8f99-72413b60e55b,0
b8e8fba4-e650-4256-bad9-6cb0400a33d5,0
0821d6c0-ef52-425c-a336-b268f22c2496,0
227d783f-fa39-4698-a49d-1d3257be9075,0
cd15b4db-7534-4b4f-8e96-81ea6f8321c2,0
924af1c4-493a-4b21-bd16-e1f66fb65e08,0
b38d8c89-575e-4faf-a30c-b77517070d4e,0
2dad2108-7fa6-4d00-915c-fd1a600618c7,1
7fecd15d-90d0-4cb1-a046-8b73bfa1c63d,0
34014cea-8477-41ff-a3f8-0ffcca961b02,0
133ed02f-dcaf-4cd2-a2ec-61aa9c4786ba,0
c3c7e717-4020-4346-ba1f-0b364c8702a3,0
1baded2f-a7df-442d-aff9-0d2afb5ee5fe,0
adaba27b-d378-446a-90b1-fbae2d2dee9a,0
9a4f4742-6aac-4861-832e-8361bc08e374,0
8ad0f0c9-92f7-4c9c-813a-1fe90d53df77,0
3ea6a902-411c-4f48-9b68-7e0802fe545a,0
426c6392-73d7-48b6-a871-479c8286f576,1
84c3d322-1a15-406b-bc5a-cd84f8562e78,0
e1aeff51-4b4f-44aa-91ea-2494a033d2de,0
380fb168-43cf-43a2-a052-5dfbdccd3feb,0
7e6f411f-7709-4ad5-8cd5-64f55d18b12a,1
d4f6b7ad-cc51-40a5-be64-7024cf496d92,0
cdb1337c-699f-4ba8-b66b-7fab0c99794a,0
26eb8110-14cc-4a39-b9d7-13bfc5509f63,0
06dd0b04-6a19-45f2-9859-bbb22bdf6e62,0
572ae174-f1c1-491a-976c-830ff53ab5e0,0
47fcb2fb-2c11-488a-baf2-0a840ec37692,0
c65743c8-4b0b-4feb-be18-f5e1f312d951,0
ad6676d7-35b6-4d94-8c3a-60763c23f2b1,0
9bdea994-c4e4-4be0-a1de-ec8f82d27406,0
965f2364-1507-4b83-8e41-f2182db4708c,0
61922f5d-a931-40c9-b952-2567d26fe0de,1
2f89f3dd-4121-4b9e-8f82-d08277438f79,0
70f1ab1e-a459-4256-ab15-60d3e7e4aee0,0
085a44af-723e-4790-9270-b2b81733fa9e,0
ac8bdaa8-6b52-46fb-8657-d5838b1757aa,0
e667e793-528e-4efe-b53f-99087a09a3e9,0
9d926987-8001-4667-a3dd-5a4dc03e1667,0
e289c6c6-769f-415d-a479-9c12e2982530,0
289ae751-8949-42dc-910f-ceb5b6bfe960,0
db30e063-b0e9-4a03-a6b3-7484a8af3745,0
fc7275ac-8987-4228-b2b4-033664e92e06,0
24ca2932-eb92-4eeb-ac24-e37ea09ee0ca,0
3dfece5b-b19c-4d1c-9489-97a337bcb2b3,0
92920d16-143c-49df-bf55-2051e69b4611,0
a869f99a-c372-44c4-8947-61429b707454,0
8f7b43ce-aad3-462e-a76c-e3ed05e19917,1
134f7e2a-c221-4e26-a923-3f2390efb25c,0
57b93da1-28cc-46a3-a751-c0cf9acb9c44,0
636d6886-bc37-4b1e-81de-6c39e5a92fca,1
1e3d7956-5873-4f5f-a7f0-374fd0fc6df9,0
f6c43761-e9e1-450f-abe7-9bf3cdae3fb1,0
d86bd62c-ca74-445c-8736-53bdbecff128,0
c428feba-3336-446c-88fd-c991624a17dd,0
1b2c0660-87aa-418b-bf43-0eff89434b86,0
24e96f05-d7cd-4248-bf59-7304211b0307,0
dd4559bc-5134-4ac4-9920-a6be09c01be6,0
e3ef1c09-85ed-47a8-af02-64364a8014ac,0
559213c2-f6f2-4a51-84f8-2d7bbd9f273a,0
266282fa-79e9-4187-827f-eafec8662673,0
4c8b58c8-bd84-489f-bb56-792229a19d09,0
8d0c3013-039d-4242-905f-2b40423f309f,0
e918f33a-d33d-4364-9c88-1893420dc7e8,0
0d2c60c9-ae9b-4d6f-9782-8d68502150f2,0
f5cbd463-700a-4a88-8891-2538027b46de,0
ea9e787d-3867-4201-bfe3-c9d216e3941d,0
c9b37542-c1f2-474e-a19d-91d3985ea603,1
f1b23c64-3a69-4556-bb4f-3d6b10f6291b,0
e18e9159-6ba6-4a2a-be93-bc3df82571aa,0
31b2dedf-8a3b-4ef0-959b-67b3bebb3d2f,0
566c54a2-3926-47d3-9826-febdb037923e,0
361f8272-e4d5-49b0-a47a-89623b33189e,0
0c3bac00-2b5b-4296-a354-5601ad1f4aaf,0
cba161df-049b-4895-82af-25ad9827700e,1
ec86f5ce-9d57-47ba-a5e8-f5ebd32ac2e2,0
774b3a98-d141-4a6b-bc2f-12c8c03f4274,0
ddc36cbb-b61a-4eb5-a8ea-6ea2024ee08f,0
8e888b67-26a2-4998-b86f-e29b4c60b672,0
0355b4b3-e0cc-4d45-8b45-90a18dcafe5b,0
8b5c9bfd-abd7-48b2-aa17-b74911da57d2,1
7feec96d-5af0-4a92-964c-dcc30cafda54,0
4d2f2dc9-2128-4dd6-be50-ec61978195c6,1
fef8cadc-1dd4-4631-8fb2-df5d49037dc5,0
d1305cfc-a23e-4bd2-947a-d979f9830580,0
b84e1c6a-c835-4a54-b7cf-582d41c30f13,0
5caf94fe-35b2-461b-afe7-8012469bf82d,0
ea6ab6d0-33bb-41b4-b344-3f1d58796b70,0
bd8b7aef-cdfc-4744-8934-f4506ff103ac,0
a2c4e3c1-414f-488f-8a5c-2f23dd5c2759,0
f54ed529-7277-4783-8370-bf0a3da30043,0
fbd5ccf4-9565-4e19-82e7-49287adc0354,0
6e9187ee-5dcf-43a0-9c62-42d0b040a3a6,0
7faab923-9874-469e-bd03-a2cd1e14d260,0
87eea155-6451-41bc-a24d-f70f75a4abba,1
fae567e0-c3f5-462d-986a-2884382fd917,0
74d80eb0-f518-4f27-bcfb-12c42b47713c,0
9d50f369-27b0-48a2-be8c-b4e179297790,0
80f83f06-6e89-4e48-9a54-03c72ac34fcc,0
41a93ee9-8d4a-4855-ae46-21694aba5732,0
eede1067-18b8-4975-9734-ee60ff731873,0
ff796097-3c28-4f6b-8e1f-f188979cbd84,0
ffa87912-e54b-409d-8897-3374905edb4f,1
5d41303f-3fd4-4f58-8489-6fff3e72a5a3,1
3886a345-154c-4ec5-8347-2a6e03d0c8f4,0
2dc57744-f9b1-4258-8ee0-d649abfd3c31,0
2b1d78ad-64f5-4d53-878e-71f34354046e,1
e852f760-6ede-4fe1-bc94-006b04cd04d3,0
99ee04c6-f944-4636-b0ae-255bf8b52c2b,0
aa1a4e53-7f16-4535-a39a-9cf1c17fdbd1,0
a62a72da-0189-4b21-b96d-126f3207408a,0
1e4ef2f1-4303-4c49-a16d-cb6b86672de2,1
66944b01-9596-4b65-ae91-e3b605d0cdf4,0
06b3227a-202e-4f11-bc88-2568d02c12c8,0
71260d4b-64a9-4795-8d6f-b75339bd0c25,0
2876bf19-7d6f-4c3b-baf2-91ab1d21f76e,0
9ad6c67c-6865-4011-9cff-88ee0725c358,0
13063f7f-bc3d-4166-9e7f-7be0f42d56d1,0
caf80d38-463b-43cc-96a0-c0ffa3bf0b0f,0
ea912c4d-ddf3-49b8-a9c7-839d3951c27c,0
58b8082c-65c4-4ec1-a19d-700e6b7f3f71,0
10602ca3-e362-45cc-bb91-5b41958f5dd6,1
40f605b4-2abb-4ebc-b750-cfe63149d1af,0
6b0d066c-8814-46ca-8924-2f5a06e4fcb3,0
b50fda8b-d582-4b3a-bd38-e846ab9754b5,0
7bf6bff0-86b1-4e42-8b72-d85d5d1c4ac8,0
0e16625d-f3cd-4865-a201-031ea7adc8db,0
c2e6a40e-1f48-474e-a9a0-dee1484441de,0
f0e32056-5eed-4d9c-9e98-2c5703fa3ce5,0
0cc1078b-2113-4f53-b01b-893dbdc0f953,0
bbb5c13d-e9fc-45a8-b690-c6478f271dc2,1
ddcd978c-28d5-4929-b782-c27120ec542d,0
7fa3efb9-4f8c-4639-b55d-2646eb65b1f0,0
713aba05-3d0e-4b75-8819-974e924de8af,0
72c109c8-e822-44f7-b43c-a4900f34fa46,0
248c14c9-a26d-4df1-8c77-d32a1964ffa2,0
6c9afecd-d335-49aa-bb2d-bd621a89fc96,0
75dd643b-804f-48ff-847a-dab8cbe8d806,0
a68dc69b-577f-4fa7-ba0a-a704362f682f,0
8bc6f46d-2f99-4da7-856b-a5a13742df1f,0
b24bff47-171a-4b56-9bc4-e15b005625cd,0
eb3df9be-0029-41de-91b1-9feba98177f1,0
8c9d8de6-686a-4aa9-9968-3180e96d2b65,0
7283e3b9-a363-4bcc-ba39-15ba80cf463d,0
4e93c236-e27d-4c83-bbbd-8506c95faedb,0
c25d0ce8-7dbd-4e8e-b891-cb8dc05ddad5,0
b038cc1d-7c04-4cbe-9669-013ddb854669,0
2baece3a-a508-4a82-908a-92d6f33469eb,0
76494f07-1d1a-4fa9-8f3d-b9b2dcddf255,0
383f81ad-ee2c-47ed-94e3-60ef25b4d951,0
986efba2-566a-4030-befe-8b1f8cc4feef,0
af99e159-6dc2-4d7f-949d-c2e06a7f7cf4,0
6ccdbf86-5ea3-490b-a7c4-c900838d160b,0
e29abe68-6a23-4f58-9f17-bf0a92c214e7,0
7ea15aee-c8fa-4922-8ce9-190300ce88d6,0
3f627d9f-53ab-46d6-a390-9ff87ecaf858,0
6df60e27-1745-4830-9288-eec895d2642e,0
c0270717-9ac5-4b42-9a97-65e286eb180e,0
aeeb88aa-1722-4466-bb0d-4a9e5b0cf573,0
1b14e4dd-5803-4a54-a42e-b61ccceb0683,1
3aeea736-c013-4cc5-b135-3d7ff4e9527b,0
5955b975-b303-4f0b-8084-4993d81424cb,1
ce9a3c56-c6a8-4c48-b963-583286b38c48,0
3e5e9c74-41cc-400d-b83f-a3c15c71bfb7,0
36b30ce3-e1a5-4131-9153-2119809f714b,0
9fa8eb0a-d216-4c0f-9328-66cee80bddfe,0
95112d63-c856-4eec-9e30-7a796ce391d6,0
edc6c32c-6ac0-459a-a21b-dc9ef3736878,0
edd10c5f-56f1-4f40-ad7b-e266591a4fd1,0
fddac66d-6ff0-44f1-9695-1e8627dcce91,0
732c3107-d100-4a14-a474-7bd43617d7c6,0
529d198b-a518-4d04-8829-948ba68070aa,0
715b186d-71de-413a-9d75-ce8639b84c33,0
a906d210-3097-4f8e-912b-4f5e8078136d,0
ff23b192-f78e-4e84-97f8-ea2d2c738c34,0
3e1405b0-5855-4b0f-ab65-a715c1106be1,0
268b3cc0-c0c4-481b-8b45-3cddfeb4dae3,0
34d7e11c-5527-43c2-9239-bf4c25018d60,0
b3158c39-79d4-4ed3-983f-343022243fee,0
40342832-9028-4594-b46e-7a0aa7a0f2e7,0
2592bfd8-5c43-4f4f-aa8d-ee64ffe853e0,1
9a535f12-63c5-4233-bb3a-aa233cc762fe,0
efc5811f-f2fa-45ae-a9ad-af9491c34009,1
99ec7637-da05-448a-bc5e-3cec9ce0b06a,0
46dd94c3-83af-48ca-b6b5-9d8b80b6357e,0
9a68f785-23a7-495c-bb97-527460651dd3,1
dc95ccb1-cede-49e7-82aa-55424c402f82,1
a624ddf7-e496-4c75-921b-55ff0f4845e2,1
bcd829d0-b02e-4008-bf2f-9ff4d0f91a11,1
9efbf6ae-408a-455a-807b-99134880a9ff,1
ab02df95-486f-4c44-aae7-12024f834923,1
c7f6827d-802e-4b77-81f8-e8bac986fe5f,1
c8e29009-f0c1-480e-9cd3-14949bef0e78,0
c3c7a580-5e14-4e5a-b20a-80369ad3362e,1
461d0029-4c97-4cd7-a4a0-26b3005f130c,0
12356279-e65a-43ad-a11e-ed42c3696530,0
42e464d4-7ee6-4494-b1c6-2cbe84066bb6,0
dac1e47c-4a59-4022-8c6f-16f644f6e14b,0
26ce09f5-ef18-493b-96e0-8f1656836c80,1
77e32d74-3b6a-44b5-b6e4-c9ea5b01dc47,0
f95f30c8-c2e3-42ca-a976-66c41727c081,0
48f2c4e1-3d0e-4274-a9a0-6ec9e902d0de,0
bad07b74-0049-4eb3-ac01-8e600fecd190,0
02db40d7-319c-4193-9547-e41ced7113da,0
9a70588f-7638-4898-a8f0-ef69fd44300b,0
1e0b7044-6c54-4995-b0f4-4371fdf16ab0,0
1a87d02b-b37d-40a6-b59b-db53c272c560,0
fc87b4be-131d-41b0-9d2a-2a594396853e,0
29ad0656-3af8-478e-9074-1ca3264c7b51,0
b8e3dd3a-f0ae-49d4-8904-91791d4488d0,0
dc848d68-7696-4a7e-b3d7-906dde37a0c1,0
505ffa47-5beb-45d3-9617-fd07cd42a0ba,1
cfc4fd59-697e-4f46-88e8-2a1568a26855,0
50ba54b9-b67c-4fa9-86ac-d6815ad2cba4,0
0046a53f-de19-4e6b-88e1-404e263456a0,0
f3f75ad9-0775-4ba4-adde-d65b67c4bb8b,1
d84df66c-1e7d-4345-859f-533f3081f88a,0
5f49840e-f0bc-4003-a0b7-73f301ab3773,0
5026c121-09fb-439b-9390-591b698021f0,0
0b9a6a8c-442b-427a-ab05-2e8503dd3493,0
a927e6bb-4cce-40fd-acd4-5369daa0c094,0
e30cb045-a88b-45cf-afa4-11f0f19876f3,0
b75cdf7f-a61d-4afd-ade1-71d190264c6e,0
5a17040a-b65f-4aa8-8c4a-490644339a50,0
df9266f0-7668-4a89-9ce9-d36300ab1f35,0
8362babc-7893-452d-b7a8-15a3066b81d1,0
38383784-2784-4207-af19-e71d8f590a52,0
797a6f0b-ffb0-4d00-b3f8-e5b6aa6222b3,0
da1bce00-0ceb-4169-b6fc-73b52838b204,0
1e3a4bb4-1e13-4e97-aefe-2702f1858dd9,0
45052d8c-138b-4888-aea8-9a7724770325,0
dd1ca81d-5915-4b89-8d38-960122150679,0
fb0c7373-6b87-4c22-b40d-b767e8791b14,0
464f2d6e-3cf9-433c-8ec5-d103fdad9f18,0
3a70d92d-5466-4e61-a270-b40c8ca7172d,0
53e53745-5df9-4dee-9e7a-0c8ba2afa845,0
74cf1682-c18c-4d4e-81ef-eeb366ba5ff6,0
ab275b7a-4ce5-44c7-827a-3ce36120d0e8,0
07659501-9148-4bdc-93fa-5f7e32d58d6b,0
c7f1acd3-edc5-4dfc-be78-0ddcf0740164,0
f9dacfff-5be3-4706-8a88-9dafddb5f49f,0
5efe0447-3ee4-4d7d-853f-00dead27806f,0
7b6514d9-7f33-43d8-91b9-f1c2ecd521ef,0
2776f21d-00cb-4c1d-9357-e3733c518bca,0
ce4e3d4e-3ac7-4ebf-9f49-f26bbed697a1,0
0bcf94db-0c35-4dd5-a814-d9084ffe21d7,0
25858179-0e47-4290-903d-5aa9b9ce2136,0
0cc2606e-eeb4-4db3-b6b8-983c52e0051b,0
a7920567-18e7-4451-8550-e1b6166702dd,0
a2715e97-5e45-4f10-abfa-d88a6b3defc6,0
760daf3b-866d-4560-b12b-8b8090f05412,0
db1b09e9-73ac-47ec-893a-b48648340189,0
cc7a4e1d-48b0-45a9-b774-acfb47687576,0
f86a5c66-c705-4d09-85ee-314149690b7d,0
c8c7e174-d2ce-448e-9150-360859967943,0
f67b9549-b5ed-46bc-ae12-1a5dc3e74de6,0
1fe34599-bf22-4856-865c-9c6f93b64e3c,1
5c1ddc2d-3baf-469b-aedf-d07c38e5b147,1
3fc6c4d0-0041-4b39-b828-d72d618ada83,0
b8222019-d505-4464-88e7-4d8b7201f03d,0
4fd02475-ae58-4261-bb5a-b2a64c07347a,0
69372913-ff61-4092-bbe4-7a6e4a8f877b,0
9655c05f-df5b-4c35-bc6d-af60cc9975bf,0
374ccb39-d678-47dd-bbcf-96606e3341c6,0
8ed7e1fb-7e30-4385-8596-a1f09cb6727b,1
b3e60c7c-bd45-47e3-9d1b-7295b534dba8,0
383bb03e-a77e-484a-9aee-124dc941e95e,1
9d8dedc2-08e0-4119-8cd2-9d14c477466b,0
fe5f38b1-95c4-48e6-8bee-c08327774385,0
3271b1d1-8b64-4566-8226-aa146033f51a,1
e780ff35-beaa-4918-9e71-c655904e219f,1
cb870829-aa27-4cac-997b-d3e13c1bb048,0
dd5302d3-6139-4bfc-874c-79d4eb48ba98,0
2886bf38-9eeb-4d2f-baf8-876b4d1364f3,0
b9d5e4b1-b9d5-43c3-9ad5-969914f33e3b,0
cc505485-a055-4f88-ab4a-6c5ad7d1fd98,0
1db6397f-4a09-4bf4-a720-a4ec9e4b3c11,0
99406ee9-e1e8-4d4b-9e2c-826d1a3ffe00,0
d09a20f8-7d0c-462b-b254-64eb3aa7dc1b,1
2091cf74-37f8-481f-810f-26cd8f99df2d,0
5e0a5558-bffb-4e1f-b3ba-bed37df61ee3,0
c9b0b8b6-9f71-4457-8b99-e6a9e57eaa26,1
73f81922-0494-449f-b567-07a69e06a650,0
63efb63b-daa9-470d-89fc-f1098c989422,0
1d43aeb7-e256-4003-9d77-1338f6e8ed13,1
024b69a2-6583-488e-a0f5-12089f1fa1a1,0
e52de669-3973-40a9-a582-d8bcc8fe5790,0
4ed51da4-0851-44ae-aef3-0d9b51c60881,0
606c0bf4-80bf-4b95-b950-de36002d28b3,0
77bef23d-4219-43e4-a14b-fb41a851c41b,1
5b6e7972-5a98-4bbe-ab2a-65631d9993ae,0
19fcde89-b6af-40c1-87d3-dc8bc0004e7e,1
e4a7155f-e463-41e3-aa54-1a01847ac9b2,0
f8097179-ea11-4735-ad77-c71524451d48,0
6707a2ee-1621-4641-ba44-1c5cafc6e516,0
ae0faeec-3a4a-4fb4-9f23-87544f45454e,0
16777956-f821-443a-b2fb-ff896f8cc55b,1
c4dca440-1d64-4453-837f-44e29df681c4,0
7f2e56ce-bdeb-4fcf-ba14-39a355af4ba6,0
a90fedca-96d5-4f8d-ad66-8f12f5c4a474,1
7ffa20b7-afe7-4983-b08b-825b7c25e540,0
c0a66aff-6a8e-4d01-8650-645d8543e3aa,0
95cd47e5-ca87-4888-9ddc-a49843560825,1
bbb64b0e-f9c7-439c-a3d3-e651201ade3c,0
eb9879aa-7c66-484a-8d22-48c0183f77d0,0
fb235dff-0456-4a10-a774-0612476c14b2,1
e5e7ab43-ea72-4adc-b113-e4b6d1058e5e,1
a06c2413-d886-40e6-bc4b-6e4b40ac8947,0
bc76dde1-145c-4000-80ed-7f51e9a0b4ce,1
d922bd5f-bff7-4963-8bdb-9808b32a1600,0
6ea9f7ec-28b5-464d-85af-182d4e832615,0
9afcddc7-19d0-481d-9e7e-44de895449c1,0
9e7d610b-9775-448b-af27-966c5adb0e55,1
91609928-8ee6-47dd-a6a9-8a9d480b7eb7,0
0ea345e2-5e3f-4df0-9771-6322bd0c6027,1
2d86d7c3-e9a7-451c-bdf0-b38339adc17d,0
8bd5fd2e-295c-4ceb-a9e0-6263823ad6ad,0
b0606c4f-ec86-41e6-9dd8-6e7630631449,0
1a890d1e-7dff-4401-ab39-a04fc85b165f,0
28e1c01d-ff3f-4139-9d94-982c2cb69955,0
93e55a3a-d8c0-4601-806c-7bebe787e200,0
edd04868-68a5-4499-9abf-209230f8c648,0
3ae1c843-7d3a-407d-afb6-ac56b8d76fc2,0
b90fd168-7193-4727-acdf-5e9feb574f88,1
53ef19fa-1d33-4686-acbd-6184f8f897a1,0
9dc34051-c27a-466a-9bdf-83f1e7803e3f,0
8ca09fc2-c5eb-45ae-8868-81bc00c12b40,0
30021ce0-5396-4672-95cc-8aefaf800a72,0
756650c2-e077-4c54-be7e-bdc5c75c46de,0
4a04c7dc-2e75-47c4-995f-306111cb981e,0
ab25346c-f14b-47c0-bdba-e8d020c0165b,0
d557345f-d3b1-4beb-9127-576da68854e5,0
b4734d76-200d-4e48-9084-ddd5896c747c,0
35f40c84-6f4b-4462-9bbd-c4e93552d252,1
5fc85d0a-fe41-4426-8249-8095e9b7b46f,0
c30f08a1-f9f4-4f04-9910-f98bc747dd9d,0
4b744a6f-3d0d-4cbe-835f-686445428df8,0
505d99f6-b849-4b3b-a1b8-a0e37f9db1d1,0
667e0c2f-8821-4896-a766-64d0087efd1a,0
ce699bbf-6f61-4d46-aec7-cb51be69c5fe,0
72977e04-b0b8-448e-ae4f-a9d692a157d5,0
4c91cdbc-4e8c-4ff7-98b3-6139e2bc7e7c,0
fe2bb0fb-d989-4f0d-8cbc-cabd480041bc,0
387bf962-e134-44b9-819e-bebedc593571,0
131e6771-10e0-42a8-b835-29ea74274e1a,0
a55113ea-47d9-4a28-aa14-2e7157f5d688,0
cb60098b-f2ea-4cc4-83e2-89665f2c41d7,0
fb801511-841f-43e9-9e96-dd25be295caf,0
287d51a4-111e-443d-aacc-0d8c3a9b4575,0
c2004dc7-3c5b-46e6-95e1-3d7116a27632,0
eb7af326-80ba-4eec-bd61-51435cb1487c,0
ff3dab26-f2ae-46c2-bb87-519a1a4f952f,0
94316894-69f6-4b6b-a550-5adcb5da2648,0
1603f9e2-bf99-462f-8155-2d627c4ba046,0
5a1bc074-87db-4272-8166-10c8548a9e77,0
dcfb1d0a-e62a-4cca-b783-6dfb88acda0f,0
ea33f326-ba81-459c-8f3d-4a902830c196,0
5bc12d75-14a9-4a4f-ac29-f68f0fcfbfcd,0
7169a35e-a684-4b3f-9cbf-e1a2a44f860d,0
98419ba3-9777-4a1a-b408-2e9751209ec8,0
4a13f2f6-5953-4d16-855d-7e9d64e157bd,0
00043373-6498-4c48-a40c-2e04fdbb5c98,0
d7ac48af-4e8e-431f-ab56-dae3f3f89114,0
0cb9482d-6706-43fd-a65a-b6e4a5de45fe,0
d5621e4d-d8ed-41a8-9484-65863d51986d,0
8c6360fe-e00b-4687-989f-7ab03aefb8f5,0
9cfb58a3-1f51-4124-8fca-5470159d2dab,0
47e626ef-b045-429b-90a6-37f135f60812,0
86d32488-70ce-4d99-90f0-aa79418030d3,0
980691aa-06a2-4b7f-8ffe-de645df3c9d0,0
06157ad6-e51d-4d6d-a913-7debcd14274a,0
0bd9be07-a4cf-45f4-aeed-51bfaeb98a67,0
66a0f4de-a8ac-4d46-98a1-a7610f13b54a,0
3f8e036d-e786-4707-bfa6-99b92a9b173a,1
23d49bd5-77e8-4e7a-b7ed-2fbc6e505f4f,0
08022fa2-931b-46ec-ae75-f4aecd488c6d,0
5dfd4542-a1a8-4d42-bd84-e21445a2df46,0
5c2648d0-ecca-4526-aadf-807cc504bdaa,0
3769327f-cf80-4a16-86a6-ced4d575527a,0
2895e61e-834c-4820-8bf9-9b8743a71f3b,0
a9b8448b-a166-4c1f-8250-0573cb8caa9c,0
a3bcae79-2007-41b2-82ed-467cb31ce56f,0
009748d9-3d12-4c9f-aa26-d8058df516d0,0
5891e3c5-1158-4b58-aa47-9b31215ee5c2,0
74b4548e-f133-4efb-9baa-8237f2efdde5,0
1943f754-9b0e-43b0-a21f-6af5f26899ce,0
2b4bceee-cbd0-4cbc-bf24-157f321089e3,0
ff59ff09-b9b7-4266-a8cd-5f742e4085f1,0
957791a2-0ae1-4973-ac2d-114a9828adc7,0
aee4511b-a9c4-4de7-b6df-a176d970be3d,1
943e8962-a936-4146-ad2c-c3a0bb1881a7,1
d9643d09-add5-461e-8d5e-cdaa54a1ac08,1
94b9881d-ddc0-4219-8851-344deae1b38c,0
e6a0afc0-df36-438a-9ac7-f298a0db18c8,1
42714385-0965-41ef-a3b7-c49b448c0709,0
548d6e17-c342-42fb-b90d-71ad34813d1e,0
2a2750ad-2ecd-42e2-8f2b-1653fd9a6fec,0
8a499f2f-3f46-4ca4-8f27-7d9a1fe9b3e5,0
0b4ef471-66b6-4f8e-93b4-e618b755d1f9,0
517501c0-09a0-48ab-a4a6-53411c0fb56d,0
5a4187c0-e1ae-4a56-83ed-5f25bb10636b,0
7339bd4f-af33-4faf-bc2a-11256125f55d,0
5712c001-464e-495f-8c6c-ab12bd64db33,0
6083db9c-4d70-4458-8dbe-57f82b4c20d2,0
9e7272be-e2d5-4784-a1a9-3885337dcd83,0
35f0f650-4078-474c-be46-5a3d939e0598,0
7e182a23-cb1c-466e-a29c-8616baae964e,0
fdec41cd-4983-4928-b5a0-0813c48aee61,0
b8561786-1c95-4a28-a9de-51725d383393,0
ee3dbe65-8266-4c11-ad26-4db0151126e1,0
4a8a01a0-3904-4936-b0f7-9f95aad79e3d,0
401a536a-022d-42b0-be5c-f1e321e58b45,0
958c6006-1385-494d-a1b7-9305d11770e7,0
eae6fec8-a099-43ab-86d4-0114153ad791,1
0b3d8e67-5f9a-49d5-9654-1c45d85ad243,0
e5336384-a0c6-4ec4-be86-1cc347655516,0
27ed33b6-3ca5-4b47-94c3-aa338d23923e,0
b69fc268-e8e2-4e3a-bf29-25069f1eff0b,0
25ddcf77-1b86-4dc4-8150-53e6769a8297,0
f7480b83-dc79-49c7-8bf5-c36b73331238,0
65f7e962-37a7-4931-bd0a-ad9cdf5a89ab,0
5f7f91d9-4976-4ef8-9c74-e9d10280daae,0
e63c5f75-8231-4e23-bd7b-53ad41bb242b,0
b07a8ae8-a166-4e0a-a226-9cce4f7af6e4,0
6eee560b-e245-49aa-846f-5ed65d3462ff,0
decd3121-15f2-4a45-a9f3-1c78e355f8ab,0
dce63284-6dde-41ab-99d9-3c938a7606d6,0
8c190c06-563d-401a-bc91-2473c658e3fd,0
64278a61-cf54-4819-a9b0-caa11fda6bee,0
e6e53ff7-018b-4631-a808-e37bc9280736,0
146ccd5b-49d7-4b9e-b918-59cac413a48b,0
5bf42c8e-a829-4143-a5ac-ba51b616e696,0
2b185494-f2b0-427c-9c97-a0cbd40df7ca,0
bd30b972-c5a3-4713-ac8d-c678e0f4a4e6,0
c5d6e11c-d880-4daf-8f8a-3baf399ef5bb,1
4b51044f-5f0e-4310-8535-3a1036c6d697,0
1ab8a797-b0dc-459a-9e47-ddadab8d21ab,0
378a91c5-2297-4e90-af2d-45e5dc51d4f6,0
b4bde1ce-1981-4282-babc-f70df153a2af,0
849426ba-1ea2-47b8-a14b-3ce6eb11dccd,0
95f64e95-102e-42d7-926d-4de30d199c2a,0
183b636c-d69f-44f5-8fdb-a7e2eed58324,0
c787e106-1ade-4d8b-9428-0574377c2ca3,0
44fb4da8-03ba-4265-840e-3b45b16723d5,0
293ffbda-ed80-49f0-8619-a84f07301416,1
070f7a74-7c62-46b6-8aef-1fb5f962a0c0,0
c3198aab-6763-487d-9737-6801cec2d908,0
c06b8266-758e-435d-8fdc-ac2306ede68e,0
72cd7ecb-4937-4d1d-b4f5-72eb87b4c2a4,0
fd665f32-4873-4f2c-a856-17479116f997,0
93448786-d8e1-4221-8306-1faae0f5c2a4,0
3cf59abb-cf66-4c95-9976-8879bb4f50ad,0
da6a08b3-6031-493b-a6bd-b3da322ad285,0
6717cbd6-a036-444b-a027-55420bb5364c,0
be40c46f-9c52-43d5-a658-07173956ac09,0
46f84367-f290-445d-b006-aa9ec07983a0,0
c7a7438f-a76c-466a-9af6-0b35b9d6c63b,0
006806cf-d55f-4319-b648-a32ddcb34ebd,1
f7ae939c-4a18-4cc4-99d7-30c06956a52a,0
57341464-fd31-4f15-8f80-abfd1a0f4fc9,1
bd634638-0fd9-4b2b-b438-ff81a3037dba,0
24ec3e19-adff-4740-85a6-d578f33126d6,0
416f1e56-95ec-4fb6-95c8-7de4ef28d565,0
513963a3-f0f5-4df4-aac5-32ec0d730144,0
da2c35da-4656-4c61-8590-e8f569fcc78d,1
ae32aded-2845-48a1-a21e-4a3534048d47,0
6c57f42e-7bb9-4663-b81d-c71ce0aabd26,0
12d5b7d6-1427-42df-ad3e-1af0206333fb,0
44ff64fb-8b86-4398-b4c0-890ce217ce7d,1
32325b9d-a6fd-4d02-9057-2f31f30c834a,0
9bb63471-e5d3-4fb0-923a-6f3732e0d5c5,0
f6153443-b84f-4bf2-b150-46321f883a31,0
01020bb9-4061-44b5-91b4-c8b05d4b82e7,0
cb1bf913-7659-44f5-b186-fd468c822fc0,0
ae6bef6f-53af-47a9-975c-2101bd90f1a8,0
7a13d261-2988-4607-9fd0-b934bede5df4,0
95a8679f-ec53-4d7f-a068-c06ac0d75c42,0
4a478fc6-a085-4afe-94a3-3564b7d4d75a,1
81bd986d-2d1f-4596-aa37-2f77812db427,1
96412bcd-c667-421f-86df-899cedc49ade,0
b72e51d2-8b29-404a-a805-49a22ac9fd89,0
b646e853-78c2-44d5-9ebe-949e11951d31,0
fe1c76a5-e2f2-4f34-aa22-d4debf381c91,0
44c0d1bf-abf5-4a8c-832e-74d428d578e5,0
da58da19-c0c5-4af5-8cfb-d3992162d51d,0
e64a3a4d-8752-400a-b3b9-e61e83669ea0,0
60efaf27-5a5b-4119-9650-ade806712dea,0
760b113b-af99-4c1a-9f19-cd7f14dac7ce,0
b73101dd-85a3-4a3b-8aa3-502ae7cee6d1,1
af610e2a-a03d-49f8-b55a-64d4532c1d7c,0
9db01379-e963-4354-8954-9f25842b4e76,0
b2a2ae5b-6c6c-41dd-8bb9-151a6c350069,0
8e906874-f046-4192-bed6-f0156c8115d7,0
24ba9864-a6be-4dcb-a39b-6d54560dd47c,0
b0279fb5-88a7-4cbe-8f16-46c313824bb8,1
641035c2-b055-4e7a-b101-2de88a2ca354,0
a0a73973-143f-4fd2-bcba-520813cf0ebd,1
501ac29a-dadf-4acc-8243-a448a8752c8d,0
0c1be8c3-654c-4c4d-8083-3201d324e37a,0
5861e180-e8d8-48ec-bb1e-a8dc11dba29e,0
6a681fcd-4b95-4a9a-a67a-3ea8769a6cd4,0
9e4bcb4f-2ad1-4039-9e0e-397df34453db,0
00529bf7-a86f-4ca3-b000-64f621194b92,1
0a02bd13-8525-4a6c-91ea-a26d562730aa,0
00f04d42-2171-405b-a5aa-c04ba686840c,0
a37b5f52-9c4e-46d2-b6d8-4a44a6fcc530,0
7c749788-138d-4968-84bc-56f0c623b695,0
d9ee4c5b-8008-45a4-bd33-c3a18fb6b453,0
40484095-7822-4c47-8dc0-83417a3f57b4,0
bcaf8800-bbdf-4be1-8754-ae81b5e79cce,1
616be32b-7f78-48d3-88b5-522f3aae708c,0
c29f3d93-8389-4cb1-aa28-705bd65a9011,1
a65dbe0b-fe6a-491d-a27c-fb7d83e79302,0
51432971-1d87-4076-a1f8-0c4b9ae24dcc,0
a669cbb5-d181-442e-9e54-16e08eb6e0e4,0
d8c336e8-7033-4cc5-ae4c-10205d774793,0
aa9406f2-7809-4bd6-b3bc-e3f1bae69b30,0
6050fa02-895c-45f5-9393-1714307544cb,0
8ab20cea-babc-413a-b36d-6cd7c8e748e4,0
b4a8afeb-782b-4a01-8b31-72c373d874f5,0
3d3653eb-cea0-41df-8aa0-1ef2c2356d65,0
4ec8fa22-77e5-473f-94a0-17e320c07926,1
4e1119d1-6b0c-4681-9bdd-df8e0d87a93f,0
666e7656-e11b-45f2-815d-06b329118d23,0
3d09d95a-0c2b-4f98-b66d-b04823683b7c,0
f92ee762-e3c4-47ff-ab53-281de8edcf4e,0
60e6d146-8b94-4ddb-bb89-04e8b45deee5,1
3405f5ca-31d5-4206-9563-672e97ea921a,0
340caefc-4195-415e-8f41-97bead289f57,0
9db35d6c-1b2e-4a57-a6d0-048e74f2c62d,0
3d5d0852-d71f-43b8-9b08-0bdc6b67a271,0
c0d9d998-1d67-446a-8542-e7e74450897b,0
8cfac395-0a33-432c-ac22-8b35edc7c19d,0
0229b9fd-e94d-41fe-8d92-7bf057f5a1e3,0
9a9648f0-2040-40cf-9cd9-6aaf680a7886,1
900eceb0-5d29-4b93-a80f-7fe4125e3811,1
90e9be88-3e4b-431e-a20d-da74c0a3dcb4,1
237682a1-7014-4ca0-9b42-ead6921a16bd,0
6932d873-3067-41dd-b873-2f0edd9e40ee,0
541164f8-8e77-4bb5-80e4-9f1690f32c1c,0
4f74560d-323f-4c42-964a-5b9ba7854fe1,0
fcc2537f-7ac8-4a00-908c-8c6239c95791,1
20465419-c110-4ef2-9be0-a85b53190074,1
3ea16834-3035-478c-aad3-b834a22b52f6,0
fd756ef2-2399-4719-b02c-b05696e1a521,0
b761248a-fd14-4740-9d5b-0fb47c27cf9d,0
bd5d9c32-3275-4eb7-800d-66c4f3a23576,1
5b9fa88e-b32d-4a86-b925-ec77e4e65dd8,0
8d9c840c-9ce0-4888-8705-58059b39f19d,1
9c3d1f94-ce3c-4fb8-aad2-118545773b5c,0
0a274328-34f3-4c5b-a7fc-39a817f21e0e,0
cbe834fe-e75d-42f9-adf9-ff54fddced99,0
0fb03df7-3a59-4737-baaf-87883abebca3,0
e34663df-0c8c-41d4-ac29-1c288ebb2cc7,0
e75f2be2-f063-425e-b0ab-e9c99bcd0577,1
02f8ea4c-2d2c-4926-b408-2d27315d84ac,0
55ba1010-c21d-4f53-909c-70c44f7a53f7,0
a5780b8f-ccd4-4e48-88f4-76d667141c8d,0
ebc7d415-0034-4ed4-b1b1-78fc5141d9c7,0
2f943e51-a7cb-469b-ac87-c4f0d9428e9f,0
b989bdf8-ec13-4701-bc31-25f2907a9bee,1
5dbd4bb3-36a7-4fe3-b244-27339557375c,1
66964376-84eb-442c-8354-e7a4260854eb,0
cf8f8495-41c8-4b7d-be11-7d975b4ff81b,1
0d061f49-013d-4c77-9d71-6e84dd9cd516,0
d83d8025-da35-4df5-8b8b-1d376a374e4e,0
c9a50250-0621-4394-86b2-9b65073081e4,0
d56494c6-496c-4cd5-b9e7-6196dd577d94,1
c0221240-e70d-4a05-8594-36396c7686ae,0
8d01d998-262b-46bd-a7c7-41c0af1b766b,0
28d79836-f96e-48e2-b09a-2750b3ff00b1,0
3efaa825-2dda-4232-b595-aa8e1a53dc67,1
7eac58e5-a95a-48e5-8fa8-9f8b020d4259,0
e0e0a7dc-711b-4f92-add4-bf86dad5ced3,1
4531ecd2-f945-4d0b-83e2-70b80d036ef6,0
f3e01d0f-25ff-4c18-86f8-092d938032a2,0
a4e8614b-aa31-45d8-8183-98936106b42e,0
02878d46-485d-46a3-ad27-d37754ceac82,0
5985c431-f71a-41f7-b04d-1f986732e5fc,0
64cdbce1-2531-4789-8c68-2e264de660fd,0
ee69ec26-a58b-477a-a6f4-5220ab63e798,1
6bac03e2-5101-46e3-be56-866659ad5bb3,0
a1f2bf06-2d95-4322-8018-70c8e1663e48,1
38599986-28a0-44e6-9b87-c69dbe220249,0
80a07f68-7da2-40c7-90c4-19bba9b220fa,1
2b40f17d-a1c3-4137-9d82-b944e809de5c,0
8f5d7e37-52c7-4af8-a8c1-47162d716f83,0
50ca77f5-aa9c-4354-a98f-63b9dc7db7e6,0
e5861051-0c39-4841-836e-eff21b80d03c,1
e352a7a2-bcaf-4331-94f5-4c5db2109a9c,0
a1e097d7-450a-4609-9e61-6d039f30291b,0
02a47f04-0285-40c9-b4fd-aa9cf549940c,1
8b2b8542-a26e-4d01-a249-31efaa14b87f,1
971ffec0-b61b-4f81-b32b-cd93fdf134e4,1
135e137e-b3ad-455a-b18a-a246738f3706,1
28f9db2c-79e7-4abe-958d-a0b54123e2a4,0
3d114a33-45dc-477d-9309-2f179acf2292,1
1743bde3-c484-41a5-943f-f365adf6a58e,0
bcfb30c1-122a-432c-8ddd-4e6bba62e13d,1
09853514-0254-470b-887f-9c939125fefc,0
a6eb15ac-03df-4920-affe-4e52de24cfeb,0
55f9212f-4eff-4e9f-b2f7-36321c943640,1
33d85a01-cb43-4003-b916-1c6d4ade7126,0
77a31943-9957-4f42-b5df-1d27bf0d46fd,0
83636aa5-ee4d-498b-8707-eb3ba2ae1923,0
bd3cba00-b629-40ed-8fad-f0dc8cb5e91c,0
a2317ba3-2542-49d3-9017-bc61ef60a214,1
084a24bc-67a5-45fd-bd22-5017ef868436,0
403ebcf5-c270-4ba5-ac7d-f82e5d9decb1,0
a7b4eeeb-bb43-4a6d-b928-e86e218d0620,0
d0659914-b16f-474a-8b4e-fdd7faedb55e,0
65c8cc83-61cc-473e-b322-f67b782425a1,0
aa549418-9063-4d35-9c6b-6ec7685cb280,0
4101e3d6-649d-4aa9-b34b-b06e219088ea,0
23229113-6b36-4dc9-9563-ed2d1aae894d,0
c49554b2-aa7d-4a63-a447-b00b5f94e9f0,0
9bc4fc3a-d6f0-4f54-8edf-d170e3fc8374,0
92cee7c1-2149-4277-8945-2421de788f4a,1
ff8f1da7-1683-4e64-8eab-da3048ae43da,0
73a8aa0e-b308-4661-b15a-358fe600ca94,0
7c764a67-040f-48b9-87a3-8a04ea45bc12,0
bac69607-bafa-4125-b735-aebd6370978e,0
3589ad94-cfaf-4073-926e-af0b744c2572,1
553de2b8-3aa5-499c-aafd-faee1dcab1b2,1
f5a7a0a9-50e3-4c6c-8eba-8018a7717b3e,0
a18e9b87-8552-43a8-a9c1-bfa67c3ace83,0
bc36ccd0-61be-4ffd-82da-305fac8e9cc3,0
3298c2c7-b682-466d-b4fd-2f28e343dac1,0
40e4629a-d800-4c66-9c06-a5a42f49b791,0
ea08a2c5-fd02-4093-ae93-9e9dfc7c6973,0
b6c240b0-9d9c-4111-8e0e-a84225fbffbb,0
cf64411e-36da-450e-995d-78d7c62ba94b,0
1496951e-461c-4f67-857a-b9106c0b91aa,0
da880d9a-afd5-46cd-b55b-b4cb0c5df340,0
a9745976-0c0a-4f92-b98f-a5dbc39a0430,0
0e0950e1-b4fb-4772-b7b0-81021cdd8096,0
fe33918c-dc60-47ba-8e08-9b228a8e64f3,0
75868c41-54f0-4224-92f2-ea070ce78fa0,0
08442fda-931f-406c-8a83-beff1dddbfe3,1
88b493dd-34d9-4908-aadf-c91c58d6c952,1
3e3a2908-109f-42c0-af85-59531caddecf,1
fb8fe18d-7414-4a16-bc3d-b4df1e12586a,1
7c3e7ed5-e04a-4246-a7b0-d50b21b053c4,0
8ff7b3e9-f43d-450b-84d2-66836f11dc9f,0
0ce1e413-d3fc-4973-a164-be5e429bd62a,0
6ca743ce-0fc3-4e7a-98da-668ebe10d589,1
59781b9a-6755-4430-946b-eb28be31669d,0
6e9ec437-8917-4841-92e3-bcdc935605f2,0
c51639ae-40cb-4392-bb60-a8b52ee8613b,1
d470b39b-64bb-4b64-aaee-269643df4956,0
11b0c279-0c56-4f24-8c11-ae69d56a7326,0
af9dd822-ddf6-44a4-9110-589f2660199d,0
b61c6552-5dcf-4642-bd28-620748414eb9,0
8cfd0af8-4b92-4bf5-86b5-a42ec5a8619a,0
ee3a73e4-ed52-46a5-8825-9b18efa220dc,0
34186d44-bc15-4710-b4ee-db07e1cc2f61,0
ae92173a-bda5-48bf-9dec-3524639fe363,0
08958183-224f-40b5-8966-7a650e8462f5,0
b33d61e9-861e-4d41-be4f-60dcd3528c40,0
4a814c37-fc5f-4989-9035-70b39f73e43b,0
4df14f0e-2321-488d-98fe-470c2fdf9e0e,0
24d7b5b9-9776-46ea-ae2e-03eb0570c608,0
b7835cea-a2f4-4363-af35-b0b85264f6da,0
81dd5aad-ef1d-47ca-99ff-d13db8c7df24,0
5be31c46-0de7-41a9-b39b-85714831e318,0
aee3db63-23b1-46e2-8ba0-3fc129ef3d30,0
1f2e72fa-43f0-4d15-b776-ef85297acfea,0
8b0e66ba-f526-4d70-a7ea-199093a5ed90,0
3ebb5d15-7fd3-4999-8a65-beb7cfe6bb7a,0
7cb46830-4a75-458d-99ab-a4398d53a9ae,0
f9d0e214-59d1-43e0-aab5-e7a204814113,0
3464611c-14f8-4c79-96c6-3a9b979a0217,0
a4293d2e-5714-47e0-9246-2cc38a5d3265,0
81c0bcd2-f6ab-4e6b-a846-850bb3fd6bee,0
7d22ed63-9797-4d17-bbf9-2e14598c12ed,0
26bc4d3b-8a71-4c4e-9987-7e3b077abbc2,0
84c290ed-718f-47b7-bec9-dd555110bd3f,0
640af7ae-5cbe-4a51-a7b1-bec91f44f42c,0
0037846b-4617-4a3d-96b4-163d438a8e75,0
775029e4-4c37-4185-9518-f3cc7843fe57,0
fc997b61-741d-473a-b31c-9c8e697aa0d7,0
184c80d0-56f9-4ffe-9e1a-40b9d8d3fc0b,0
53227786-f089-4419-a621-490695ea325e,0
dd6de229-7892-4bec-b13d-6769c3dbd8ec,0
475042a3-4676-46ad-af17-0341f1dfc58a,0
d03ae074-a881-4c85-9ea0-378bf39ede7a,0
eed74609-b31d-4337-ba00-a338f9f65dbe,0
fbc68db2-e072-49c4-af92-94454838492d,0
d90fae0f-84ae-4793-8635-a1e862cfdf84,0
918b5f0d-cdbf-4226-9a16-5a65fc57c1db,0
f4ef7a04-2402-40e8-b205-b9fdc9a17edb,0
11338ec1-f912-4ee5-911e-1d7a5c082d46,0
4dea5c87-9d77-4ea5-b505-465c08bd592f,0
f8980b4a-1681-409a-910c-b6a3d8128d0d,0
338b6431-d4f9-464e-940a-370e421755ff,0
c7e7e44d-4992-4cf1-ac52-b1d580d7a310,0
e7948123-7942-492d-81f4-c839382beb39,0
3ac516eb-b85b-4191-900e-51f2ddc2edfd,0
5b23a18a-b983-4eb2-aa2d-e09ef4dae27f,0
60f368e7-0721-45b8-87fd-b20b05817efc,1
dc6bb7be-095a-4c66-9c80-d8c78a803802,1
f554fe7e-6520-4607-91ad-6f9323b7f271,0
13abcd90-47c3-4f20-8081-9c39dc4fbeda,0
274b2b5f-e3df-4691-a1be-b932b6206fcc,0
01d0567c-f31f-4cdc-84cf-395b5fd2edf0,0
2a91c155-ba58-4639-af4d-31ec59143897,0
ae424283-0fd7-4293-8601-fb38a630d107,0
b16ba83c-9189-4162-bb93-f9896c90e053,0
47dc2f3d-0e5d-4f43-b2fe-9c42cda2c259,0
72d78535-386c-4c78-83a2-6b14693182dc,1
c8534167-20ff-427b-9718-402ab7e18d69,1
edf61870-e909-4179-9588-07c2fd2c1e78,0
b7e97517-5277-4878-ba00-e9878476ad79,0
2296fa79-2670-4a96-abff-8c5921fa8d06,0
799a8a93-3994-4977-bdb3-43496f21001d,0
5b2d1936-7c6d-4c13-b761-8d96f496ae6f,0
5c650e6e-26aa-43c2-8b72-2eb220132f93,1
41584c78-6e85-4e86-936a-63f59d1c6009,0
d95ade61-b752-4450-b9b0-2bcaa0d649ff,1
006c5513-c8bf-49fb-ba27-227a8ad73ad3,0
3e8cae72-c88d-4466-885d-584c5ef73f0e,1
fd706849-38a3-4f6e-9591-37087c3ad1c0,1
4948d0c6-0eba-4b90-8ffc-13f92e4931d8,0
6c63bba1-54ff-4b8f-9dea-3e9159708978,1
34956d21-841a-42be-8b54-c85ce42f1793,0
c256081e-4d17-483f-b22c-15750a8a5c38,1
24a925ea-ea8a-488b-b7eb-0cf614265dbe,0
065c2a08-61ae-4f55-9940-9865fe9df197,0
077472cd-7e60-4ea4-ac3c-e03ac576eac1,0
55785bc8-3a94-480e-bf6f-e137c81ca943,1
ce0e947b-52d9-471e-bfde-4cf4c489b646,0
c780d9ec-1e5c-4599-b829-69dce34dfc8a,1
4621f2f8-dbc8-435c-844d-6679c73d20ea,1
f1ebb303-bee7-42e8-a6a5-bbe7526d10a1,0
2805f216-9a94-4901-a81a-a25da3473672,0
ca8716c8-5527-4e19-8997-fe17189b47ad,0
bb8c8f91-8249-4f81-9e8c-bc7235c3bbe6,0
e1c8a693-59f9-4ef3-9bd6-abda9e817814,1
f067cda1-7a5e-4682-8786-bd78e1ae0031,0
ab3479b4-81da-463e-bbb4-80a5e9a3b909,0
dab6c9f2-4e08-4c42-8d06-984a8f559c04,0
75944615-e543-4b10-b9cc-a8dc1b856ac8,0
004df019-6557-44dc-9493-1b13a8fce2bd,1
85fbb841-cd00-441a-a285-bea8c7ca0e99,0
498bf328-a616-4853-9f03-9e683c9ab9ef,0
dcd67dd5-0f4e-4c85-98c9-802beb034dcb,0
0c90eaa5-b83b-474d-934d-32490f5b3ef4,0
e379767a-d315-4f4f-ba53-ed5c0029bcdc,0
e3e6e655-e6fc-400e-8e7b-be76134d5b84,0
b77a7fbf-2a68-4a40-8ffb-b9443584f2b3,0
5771e30e-c437-44b6-b25b-aa1677eef5e6,0
54506972-5e5a-4e4b-aede-8f99971d0e43,0
138205af-af95-4ce1-832f-5e0bc3815120,0
ee06de86-1ef1-4a0d-a58d-02b99d32b9b4,0
6eafa6fd-580f-45c1-9f83-d8a2af1c9a54,0
79b3ac2b-abd1-4cf7-b960-e0466cb45715,0
9d6d0530-1765-4e48-8db0-c50e80621045,0
76ed0aed-d8fe-4bf9-966d-7c9587849e1f,0
be823a7b-534f-478f-8f6d-1f9191ece1c4,0
bbb3ae69-8d00-456c-8663-b130d8193ea1,0
01440009-fb14-4e4a-abf2-b3e4d181335b,0
419f5838-8a32-4b6c-a1ad-8973014fe51c,0
85e90708-b4e1-4d4d-ae52-e524d401397f,0
36216e5f-c328-444b-89a1-8748f472a9cb,0
15b9fcdc-bac0-49d4-8e7d-ef800d8daf54,0
3dbd8086-659b-45e1-88f9-ba8abf5f2c14,1
50ccc04d-dd4e-4c14-8308-1a7b5e28d212,0
1f0bc6ab-03c4-435a-97a1-23222f9b45f3,0
9606aa0a-a230-4670-a9fd-1fe990f7e307,0
dd8c2716-6189-4b69-b8c3-1d9e28c8d8d7,0
cf4b03a9-23d1-4795-88f8-08cd9a529361,1
b00900fa-1284-4048-b79b-5dd4d74f7987,0
19a3a4f5-4e3b-4e76-b96b-c8b0ce2de1c7,0
5e332cd1-7d42-42bd-8257-f235e9710f4a,1
3a0f1ffd-7e2d-4460-8834-ed45d266f7eb,0
48946b68-9027-455c-be52-2588ddb5f3c4,1
7eaa4fc0-2d02-455e-838f-3b72bdd1eaf4,0
893b3287-d1ec-4a45-9169-fdac0102c280,0
c1687559-0a48-4a74-bbe2-5cdf6c8d8788,0
29c31449-9ea0-4a38-ab41-3db04fb26794,0
4a8a00be-8c8c-43ed-bcfe-182891156152,0
a1f6fa9a-16c2-4595-b5a8-67e9aa8d076b,0
ad021511-d701-404f-a524-7477ae498936,0
14e6af68-32cb-4f79-bdbd-7d7d319a85b5,0
9a491210-952f-42c3-b615-f3b2171c237a,0
fe87f86f-149e-420a-8bbc-49b0c1e6eff0,0
451f024e-3118-436a-820b-9ba8c93f5a9d,0
3e95e392-f82b-4437-9803-482ea08dae2b,0
eb7859a9-b27c-49fa-b6f4-925ce165295f,0
1b3cfdaf-c4d7-4d4f-8ef3-4d7722ee366d,0
fdebe9e4-433f-45cd-ba0a-c09c4559aba5,1
c8688502-52f7-49cd-8cf6-4ee089796ae5,0
54ae269d-28ef-47c3-9e59-72c6e107d12e,0
139a782e-4c37-4dc0-80f8-52c6772431b3,0
885fcf86-e881-4da9-8ecb-fe6075a44359,0
390b2e8f-65e7-47f6-957a-0e605a07e847,0
fd773a00-3c39-4295-89b7-6eba6f308205,0
60883d44-c61a-436c-aa0c-cec5c82c0c87,1
79ef3c9c-f92f-4d8f-94de-428dbe393486,0
07f2ccfe-db07-4940-90f0-00a70896f58c,0
2fe14b46-ff80-437e-bc40-28308eb7bae9,1
f870ccab-bbfa-406e-b379-b9e3704051d1,0
7eab722c-af30-48c0-b48a-17a8150ff980,1
4f4cfb4a-9527-4721-8209-84b485124a00,1
a71590ee-a4f9-4879-a531-c9791186d811,0
cf4993e4-8c05-48be-9b87-16473b586cd0,0
85723a1a-50bd-4358-b49c-69e578ed841e,1
70d5a7b5-d328-47a8-9457-f8bfadc71009,0
e9fadb72-e502-49e2-a38d-68b3fea653be,0
3598838c-cf44-4cfe-a27e-2e54e9fd8e34,1
894243de-d576-4e95-aa35-d5e6d44630a9,0
08384e71-fe80-4fc9-ab05-91f1fc58613d,0
23f9f957-b782-4c88-b279-18d6d936f4ba,1
62ec663a-eb69-4741-bde5-7220a6dff864,0
deee6583-6c18-4c28-81d4-e90c84e1f8fd,1
f78edf7b-83ca-4098-b017-8bd5c05d0a09,0
9bd8fa89-7abd-407f-a924-17caaa12f834,0
add73a2b-0e7a-4fcd-8289-6feb4d6c7268,1
c91e7d6a-11b7-4cc8-83c4-e4979deb3bc6,0
99cf1df6-8538-4b88-ad54-f9b331b935d9,1
12fb868c-3874-4aaf-a81f-b00712d3fc11,1
be0920e4-631c-4b77-b3e6-2846027eb3ba,0
f9484d61-d928-445b-88df-fa986658ccfa,1
e70f703b-c746-4fc3-a7ef-2823ee6313ac,0
abe5b141-c19a-48b0-a0d4-f70063c2378a,1
2b3104ce-c0ac-4b4e-bdca-db73a6f85372,0
73f59b11-fcb5-454c-b808-7e00d21a6415,0
b4e7e2a0-e480-479e-ab49-447264ba5cb1,1
64074578-7ae6-4e8e-b5a6-0dc9d5b737f8,0
e509f520-e52f-4067-a200-8bfa3e459018,1
9df6b09d-ed93-48e8-93c7-3cbc9c0c61f6,0
33be3a00-e86c-4cf7-9c18-4fa2100243ec,1
a22867a9-81ca-4e4c-aebd-807c8e3c30d9,0
e242a4db-f463-4d12-8311-687b16090474,0
6fd594bf-4a7c-4e10-9ad0-c7e526a8775e,0
a37fb31c-1592-4fbc-a2af-bc49b8d3da06,1
8a301154-6025-48dc-be4c-163341c82411,0
a1956c62-9b0e-4eb8-9844-721cc2c3fed2,0
4ec97dcf-d593-4e12-9d92-3b07d5becc96,0
cabf1bdb-b721-4d8d-a768-c0bb911d8067,0
6786b79d-9bf5-4e32-b0d7-67267260bb0e,1
475a5fdf-2634-4940-8e2c-875624f1cea0,0
dcd872bd-5474-4255-9252-14e126092f14,1
e58ac866-cd3c-465f-aa00-0c64077652c5,0
7a5ff007-75a6-4c0c-9d9b-3f8763895da6,0
390841a0-7b75-4a79-9abc-80fc457d0e0d,0
b4a5075f-e73e-4aa7-9c46-998d68d207bd,0
85c39de1-e65f-457c-91b3-a32311e17ca4,1
17d0c8a5-cd60-447f-a5bd-95f197862077,1
58cc1971-39ce-41bb-958d-29a3aba3f024,0
0273e21b-1cb3-42cd-a640-c5a0d33d8a69,0
9dd20a7b-682d-4593-a467-ff9eb2d59d79,0
caa730dd-6f8e-4151-9a38-ac9943f9057a,0
468b9ac1-7669-4243-805e-0dd7988b8f28,0
98d99306-5add-43af-98bf-5140250e00c3,1
a0872520-b439-46c8-a810-d2ffe392603f,0
66ecf5a2-96d3-4c84-a6a8-3f752aa91f19,1
faab58bb-400c-4161-9438-5b562de4144e,0
eed9d73e-60ae-402d-bf35-9e2806658ee7,0
c99526a3-98bc-4b4f-bbdd-1e5dd8c5264d,0
377aa184-2077-430a-a139-821b2ae48282,0
974b577b-5a1b-48b7-b158-6b240ae60309,0
3a4d2226-bd5b-4b3f-bde8-8966f38a9729,0
53404ae9-4bc8-4bea-b038-d99b4bb971ef,0
c0b65a92-e275-4871-8ab3-c370b1641f7c,0
9eb59e48-b942-47b6-9502-a38dc233ce31,0
004d477b-9d37-40fd-8904-7e37ca1fc994,0
81cc478d-eb42-44a8-bcb2-b0f584707e4d,0
e38d36af-172e-4025-a3b1-bd4f012adfaf,1
c08fc75f-d7ab-452a-89d8-ca985f9684b5,0
eee58da1-1c4f-4bb1-b6cc-ba28d9e0a53a,0
117acbda-7489-4510-b33f-78e6b2453110,0
436ff3b2-c73f-4d34-83df-f2c49a889ee4,1
661ac8de-6d50-4636-934b-12d911570ee0,0
5cdcd9ad-355f-4c97-a428-28775dc2729b,0
478d9290-c6e5-413f-a906-883116c094f6,0
c6fb888f-045a-4c03-a377-1d958d49d4dd,0
80b07af6-e729-47c0-9559-d0b8ba694703,0
78b68619-73f5-4816-abd0-5dff9ee27b8a,0
bf61b694-67ea-483e-856d-43f90a24fff2,0
397b77b8-6e97-4879-a213-6c9213b45f26,0
844f5255-7584-4eb0-873c-852830f6e295,0
05202be2-88bc-4b6e-830c-50f1f88b2b58,1
eb4c6648-9146-4a89-8904-20f0c8c7efb5,0
11063c2c-1610-4523-bdc3-11d3fa2e2836,0
588b87c6-ac01-401c-9a12-4db7fff2c838,0
53c4d817-1d87-4c95-ac85-ac05ca98958d,0
40904e23-441f-4ff0-8d19-99de248f123d,1
84ff28db-13aa-483a-bf4d-f03cefd82e42,0
b9e22b48-b79d-4c60-bef1-284fad66fb87,0
ea52c28b-b00c-4f3c-b466-8955b8b42d95,0
dd1bc455-83a4-4f26-89b6-7611232d61b1,0
81df30a1-36bd-4756-863b-1c015029f222,0
186abdc4-1713-4c36-ba9a-ac8aee5edc57,0
eaadef46-a5c1-406e-bc2e-4a018cd1a25d,0
3fe65f98-8d75-441a-af12-818c44d07e61,0
426388b1-fcf5-462e-8910-dc158f66b4ee,0
9c7e9c62-7f88-4b1f-a163-4b8928083929,0
72520f09-3f14-4c3c-a7aa-3bd218bfb428,0
05871b5b-f0bc-4850-aff0-56a8fc570679,1
af50b107-983e-4b59-8ec1-313621a0a5ff,1
19fe03e7-7fda-46be-ba9f-87e6937a4bfc,1
b9bcc2c8-5cf8-41cc-9b0e-7b94490c5e0a,1
901b96d9-2480-415a-9200-b8a41876f4a9,1
f6d35588-01e2-4ba9-9298-b6625f9bc67b,1
e3cbaea6-4d19-476a-9341-0b2bcb95b544,0
67112d44-97d3-4fa2-85b5-ec0f7f0719d3,1
0c584be2-a4cc-4ec1-9ea6-d3a2eb3909b7,0
06199a8c-9648-454b-be6c-be3211c6a79c,0
366b3359-8446-48ca-a6af-c2b34789abfb,0
af4b90f2-b9dc-4f6e-9fff-61a3e865283a,0
39c6d99b-e5c5-4367-b243-7278d02a22e2,0
ba756c26-76e8-4fa9-ac74-2a6c6d4354ca,0
b1fae7ac-d8a2-49eb-b195-7bc9df4a841c,0
9e8b12c3-aea8-413d-8ec3-d6b29433de44,0
5a4d8030-7ef4-4a7a-b518-3fd04f647a67,0
9d53c9d8-f068-4cd0-b556-58f7604ffeb9,0
c3bed3e2-68bc-40d8-88f0-010981dd98b4,0
64d31aa6-75a5-40a1-8908-196cfd613513,0
53450f45-83bc-4644-a777-5b559a6fc38f,0
764d9969-fe6b-4c49-b789-6ad4a3a2ad5c,0
423cdbf4-e730-4d0c-84b9-126c948057f5,0
3e31c004-6e13-4495-a0d4-e6be58c72519,0
0afa51b9-7585-4e8f-b90b-1c9c29def61c,0
ac7120a3-78b2-49c9-ba4e-09a942727d7d,0
a42d74be-821f-4fd7-96e5-3d9d5d6c77ed,0
30479979-d03a-4b40-8e23-fecfe9d06d69,0
8287f6cf-0d6c-4880-bc7e-89587dfbf985,0
d61b5d52-5baa-4ef5-bf28-3d7f289feeb2,0
7685946f-6799-4fe6-b9c2-6b6f870fa584,0
31ba3769-323b-4c4b-9143-cb47c0e96a85,0
010a0818-5c2c-4462-89d8-4d7d10b6784e,0
dbaf688d-7956-4648-adf4-607873a794af,0
891be014-48ab-4207-ae63-f44fc524729d,0
0448ce04-00a0-4df2-86d3-a41a2af45872,0
434b698b-95fc-4990-b95b-359a3c3b3e19,0
06d15bd6-8897-4705-8c39-bc31249c3dac,0
49cf12a0-dfc1-4d7f-b2d4-e2588a5e4c92,0
712ca326-fe62-421f-b35e-329bb21a8f13,0
1e90f854-bca7-4051-aa6b-10870c1a313b,0
b32b4d07-f022-4c36-9a3e-d5492ea6da26,0
cdc3d777-f8a8-479a-b1f6-d7b41aee2da5,0
cfb2f948-69e1-4fb0-9051-4140d83dd83d,0
738ac176-7169-44ef-9c6a-a3dd98492fc4,0
d3a5224d-7a6a-4e50-a185-c41a5238dffb,0
14fe54fd-d3ac-4de9-9e17-dc4554ec6696,1
b4dfdadb-a9ec-47e0-9138-0a0c3b880cab,0
39f25fad-8a59-47ed-9149-2ddfb57ff6f0,0
7d094b78-84cc-47ef-8be0-98fc3bd0504a,1
077af57b-f547-4449-a96b-90d4f5e580c2,0
2de85a00-4080-4385-9793-442a222a2dd3,0
7513d3bf-8e5e-4846-890e-0184332d2bac,1
f67e4267-760d-4734-8350-e84bc0539002,0
306bf523-3987-43cc-91d8-dc71b2925072,1
ad6045ae-67f7-4b2a-a36a-7a10402bd218,0
59bd8100-54e9-42b1-9a38-dbd1b12bf720,0
670985d0-6f6f-4346-9dfd-3644a89ef5a5,0
e6cb6401-3bf7-4543-ab03-489be9de20e2,0
21e719d3-65c3-4cd2-80e2-aafdffc96804,0
1437eb22-0c91-4ce5-ac64-f44f77d10c10,0
a6c20b38-9170-40a5-847f-7fc1de2c8dde,0
d6c9a2f6-5726-4d94-beb5-765200f096a1,1
f7a79dab-dd26-4f16-9a39-8ca9eff85929,1
8b2b44cb-64a5-4bbb-bf62-fe54d9dcf29f,1
13e65169-c819-4da2-bc59-ea95a8c8cce4,0
80bf3232-d641-4caf-837e-b594411f4c1c,0
0d7a392f-25f2-40b9-ac22-f2d77f8e14b8,0
e837088c-7d5d-4488-ba8e-b49f0867424c,0
08961fc1-17d8-45be-bc57-9f1d3c0f6f91,1
ce3371e5-ca4f-450e-8fc2-4ef4791f9781,0
5a539882-7449-4dd7-8d4d-67781fb79401,0
f1d63d1a-7a71-436e-80fc-c6e09d050c11,1
8ebc1279-9318-45dd-a94b-c32b41fc0742,1
85c6a129-f3d8-43c3-aaf7-7bbbc40fe062,1
2c7ec823-d13a-4ac7-9432-f2fb338570de,0
65683da2-9f73-4ab6-ac00-ecfa5b6bc25c,1
a21b607f-cacc-4e90-a17f-2477fdcc3c26,0
7d370cf7-5512-4c1b-bc8e-966829308bdb,1
95f63c73-e0ae-40da-8b07-5a018d0393af,0
a579eba8-2241-4a57-98bb-9ee73733e0b5,0
4d0e08f9-16fd-4ce7-b76f-9b84dd925dad,0
b086dd56-ace1-47fa-b313-be43347dc4a6,0
6dc35f29-5082-45f4-9a97-c9ffd97c6feb,1
d3ae4884-5ecf-41a7-b8c2-633f0bd843b7,0
4b494ad8-2ffd-4256-90c7-759213fc8b7e,0
05747e93-3740-4faf-99eb-8109ec2ee468,0
133abaa8-eb3e-4cdb-a5b3-f28e818ffea1,1
ff21054e-6521-4277-8866-c6d7857a5df3,0
d1653e44-07c0-4003-870b-758b6e766444,0
a22de2a4-b275-4ee4-9c86-9786cffccfd1,0
fd55c47a-c64f-4728-b45d-ddd05bd5bcd2,1
e5a4e75b-620b-4ba5-97ba-7353b9b59599,0
09fce76c-ac0f-4196-9ea7-e96ddc93279b,1
2bc06a9e-c3c3-4dde-84dd-721ce7c362c0,1
655c9047-f844-44f3-a6b0-f73b3ee48d17,0
2b96177a-ab07-4ab9-8fc1-a33bc574557f,1
989978b1-d929-4104-9986-59917cf3f9ab,0
10402817-3c06-4f82-b505-68736a4173f1,0
67611928-d2fe-4a43-9ef1-a589a985d9a3,1
3b146cc8-aa5f-407b-812a-fc0e70cc07a5,0
c0bc4c4f-87fb-47c0-8bf5-2de5fe67b153,0
8b0c44ee-4f11-4758-a5a8-90efb3f0d12a,1
7ba57724-341c-40e7-be89-40d786e06845,1
7d8a57d3-1dca-455c-8e82-9ab10ae3ac26,0
40e9d6b0-728f-47d0-a95d-f4f48c922fb8,0
3daaa2a6-f75c-4c9c-9599-9b7b7675b90a,0
10e01096-ba3d-482f-8d55-d3357638c785,1
5f021137-6c66-478f-b397-5b3b00e4fd1b,1
9b385b51-231c-492b-83b9-82d5a07231e5,0
5d4e523b-f6d2-4af9-8ba3-df9250eb9930,0
44239fd0-cb78-47e1-a52e-2010236d2083,0
cf5b4044-b657-4eed-b308-0ffb38ee57e6,0
67e115b4-5e56-4ac2-9b08-9f2183d2ff5e,0
7faabe63-44b2-47ad-adbc-f2ff3a6c9136,0
5aab45d0-deb7-4819-ae69-1520c131515e,0
d1620246-bfac-4e87-9b76-76f3c985ecf1,0
4d086b53-31d1-4463-aed9-2cc09f9e1613,0
059951ff-dbad-47c8-bce0-cc12253bc9ce,0
40727384-07ff-46e8-9d9e-323aae4ce222,0
918e685d-87fa-4118-bd0e-6d685461672c,0
0ce4e974-c7a8-4636-99c8-4e7ba6b02efe,0
0f998b66-7312-4bb3-8dc3-ad5f6c68ea6a,0
0dfc5566-0dd6-45fe-953a-47af0e87d887,0
3a769bf3-b090-4c76-8816-4abbc95bdb1d,0
09e2de09-931b-4ef5-beb5-0d25f46f44ed,0
a46d8083-e9b5-4532-8b7d-c0f19c66b16f,0
ce21e6db-1b1f-4654-ac87-296707712212,0
f170cc03-249f-4f2a-8819-5d5fe39ddffe,0
c91ba16c-fc7b-4532-9642-2fc161cf5e87,0
96a3a067-fce9-4f29-bdd3-7c94de850d6a,0
6254f492-400f-4419-b946-3603a4339652,0
9185d16f-b831-4bfa-bbb3-07616f7a64a1,0
0baac6fb-9e0f-407f-bb2f-45d890949f66,0
f75b3ba4-efba-4988-815b-f2e23436b00b,0
7c40e8d0-56f2-435c-b6ee-f7b2596c105f,0
28d8007a-37c9-4816-addb-4a4f6b637df3,0
5ee170a9-16bd-4401-ac57-2eaa47107c37,0
2832fd65-bdaf-4cb2-b487-c4e1d410aa9d,0
895da307-7087-40ed-9eca-6c04a2c5cc00,0
7b67fed9-30f3-4592-8cdc-625511fee56c,0
0461ae2d-0e01-4ccd-8229-9d3f10062216,0
eb44e7d9-78eb-4529-84c8-4bae56b3d848,0
6a2b520d-c221-44f8-9f96-b33b28bb8be0,0
24a31254-ab70-4a6f-b819-f6e100496476,0
bdd1deba-6637-49ff-9227-6198a4aaf833,0
26d791cb-55ea-46cc-ac8b-ba817b1083e5,0
6cecf8f4-4b48-471b-ae3d-e245bd1fd8b1,0
4ec691e8-27c5-4cf3-9476-82029ff5430f,0
99f6ce7a-1c94-40c6-8eb4-f3dfd6e0664d,0
c4bd391c-dcb3-49e2-8065-6711ffd18b7c,0
8760ff2d-99b6-48c4-b5f4-545038c787b3,1
f1e42cff-f5af-4e79-867d-ffbacdeaa336,0
4a489862-be35-4630-b6e4-954915f8c26b,0
434143cb-24ed-43cb-8f3b-340c360a8c09,0
920847db-a74f-43ac-865d-c1cda677e06e,0
b3e84a2f-33ab-4951-8829-d6bce8659b89,0
aedcd003-315e-48f8-a70a-31b79d0994af,0
09a37ff3-3894-44d5-80f7-f9a08b845210,0
f1a9f92d-cc47-4fa7-a1b9-1070a32cc271,0
f55237d9-165c-4e4f-b1de-ced3d9ad6866,0
ced80f22-2642-4de4-ab45-3a535c93c93e,0
9a3b5db3-00a4-40b1-84a7-014277fa8d8c,0
810ec813-e55b-460b-8f16-c71f9f61b18f,0
b9d364b7-fb3b-4500-8a7d-6804d733b16a,0
ccb78e8e-c04a-494c-bc90-3db00ee84b8d,0
f1d905e8-f9ed-4bf6-ac4d-1a66ee823d60,0
96d4fd35-71d9-4759-b321-da43834fd374,0
a88ceba7-420e-4d9c-b7cb-a2099c9fe1b6,0
33deb4f2-2dec-4215-9046-727ac37f5a2f,0
72f5da87-ca1b-4c82-831c-a6464c6e6d09,0
741af5a4-c7ea-4b49-8c86-e6fc93285290,0
60317bbe-0713-4b8c-bd23-d5b696216ca0,0
f0524a6f-14b4-4dfa-a653-c5a94a232c04,0
3e939d8a-e2eb-41fc-b80f-0a1b945b251d,0
02da6897-b74b-4216-b4ec-06c6bc9e1c7e,1
cdff8fd9-7aec-4ecb-b652-503c68e27168,0
5dc33fcd-8806-4cb3-8ffa-16b5cbbfce15,0
0d06a68b-358e-4e67-b0a1-b3235a52852f,0
835954ef-2d33-4bb8-83a9-9c5334756c00,0
20d9fbe1-4c9d-4c8f-9c42-754f68855fe5,0
2daa0de9-935d-4fb9-8b1b-2724287bb940,0
55f5faf3-9779-494e-9549-efd5e11127c1,0
4b986260-4fba-4c8d-ad0f-9cda8446d4d5,1
d8647e2e-d1b5-422c-822b-c0a370db55d1,1
8f0b7c10-3d45-4ae2-99cf-f1d4be01bd52,0
7791ec40-c704-42db-8487-408ca27b212c,0
dbd27bc0-9e1e-4d0c-b20d-a0208bba6d06,0
921a7c6f-a52a-4dc9-9ba1-05cb526ed9f2,0
04c40ccf-36ce-4870-9ef6-707127dcd43f,0
7c266343-6341-414c-987a-fe10f1e71e97,0
954a8962-4c89-4bac-ba1c-3e70522ddb65,0
4f407159-71e9-4f6b-9ebb-a433cb61434f,0
2338f743-e514-4855-ad40-8bdd9dfb9de4,0
5b8401af-e3e5-4e03-9e4f-0e70e511ad5c,0
62d8bdce-dee4-4c96-8eae-156119f2153f,0
6cfadce8-98e9-45d4-badd-be61f7366053,0
6c3c773a-c8d6-4d0c-a985-af133a8fb81e,0
47b2147c-8be2-43f3-bd57-640b7c405626,0
379fa708-9e70-4c6a-b2a6-be458e240e04,0
13607772-a51d-41ea-9ff8-4d87c78e4bdf,0
eae57075-b4d1-4df1-9782-83f9e2fdb2fe,0
5f937818-e5c5-436f-adaa-92f328c7607b,0
b66ff002-6d44-4d68-9660-9a65d54994c0,0
7e736073-6b66-46c9-8f9d-141ac8776388,0
33db1fa2-93bd-42a7-88a0-8c70cd4484ae,0
f3edc9e7-f9c4-4b1f-9686-1d38020f59c6,0
5c097031-185b-4ae4-8e5c-fbf7bdf4709a,0
ff11d78b-1ad4-4a39-82f8-00c96408ce8e,0
f01b9a48-a3e3-484c-aebe-d0a2173feae9,0
35d01001-e26e-4063-b6f2-6b3eb87f07ca,0
99761188-1e10-4934-a430-04971d028896,0
8a927b1e-4b06-41cb-9939-ebc80cdeadda,0
5e188c2d-2032-4684-a8a0-f35be3fa24b7,0
d10272ec-9522-4712-8322-e88599eabdaa,0
633978cd-abcf-4a61-a290-427be445ab91,0
7056d148-a73a-4604-b12c-4f0bd388c401,0
442b7861-8ea3-4627-9f87-35f033d40348,0
